Workbook

Sheet Config
A1: DUHA INTERNATIONAL SCHOOL — CONFIGURATION PANEL
A2: INSTRUCTIONS: (1) Staff Roster — add/remove staff rows freely. (2) Leave Types — add/remove leave types and set annual days. Max 5 types. (3) Settings — change Report Year only. Blue cells are auto-filled. Yellow cells are editable.
A4: STAFF ROSTER | E4: LEAVE TYPES | H4: SETTINGS
A5: Add or remove staff rows. Delete row content to remove a staff member. | E5: Add/remove leave types. Annual Days = days allowed per year. | H5: Change Report Year to switch annual view in Monthly Breakdown.
A6: # | B6: Staff Name | C6: Designation | E6: Leave Type Name | F6: Annual Days | H6: Setting | I6: Value
A7: =IF(B7="","",ROW()-6) -> 1 | B7: Hasan Mahmud | C7: Director | E7: Casual Leave | F7: 10 | H7: Report Year | I7: 2026
A8: =IF(B8="","",ROW()-6) -> 2 | B8: Hasina Mohammed | C8: Principal | E8: Special Leave | F8: 5 | H8: School Name | I8: Duha International School
A9: =IF(B9="","",ROW()-6) -> 3 | B9: Nusrat Jahan Ira | H9: Prepared By | I9: Principal / Admin
A10: =IF(B10="","",ROW()-6) -> 4 | B10: Sadia Sultana Rima | C10: Preschool Co-ordinator
A11: =IF(B11="","",ROW()-6) -> 5 | B11: Fatema Akter Mili
A12: =IF(B12="","",ROW()-6) -> 6 | B12: Farida Yesmin Tamanna | E12: ↑ Max 5 leave types.
A13: =IF(B13="","",ROW()-6) -> 7 | B13: Shalina Akter Eity
A14: =IF(B14="","",ROW()-6) -> 8 | B14: Rabia Sultana Prity | C14: Class Teacher
A15: =IF(B15="","",ROW()-6) -> 9 | B15: Afrin Jahan Uzma | C15: Lead Teacher
A16: =IF(B16="","",ROW()-6) -> 10 | B16: Ariful Islam Maruf
A17: =IF(B17="","",ROW()-6) -> 11 | B17: Jinat Farhana Chy | C17: Asst. Co-ord. (Pre-School)
A18: =IF(B18="","",ROW()-6) -> 12 | B18: Tabassuma Barat Chowdhury | C18: Primary Co-ordinator
A19: =IF(B19="","",ROW()-6) -> 13 | B19: Sumaya Rahman | C19: Asst. Co-ord. (Secondary)
A20: =IF(B20="","",ROW()-6) -> 14 | B20: Warda Siraj | C20: Head Of BC
A21: =IF(B21="","",ROW()-6) -> 15 | B21: Irfan Hossain
A22: =IF(B22="","",ROW()-6) -> 16 | B22: Mohoshina Shifa Buble | C22: Teacher's Assistant
A23: =IF(B23="","",ROW()-6) -> 17 | B23: Sadia Akter Lubna | C23: Teacher's Assistant
A24: =IF(B24="","",ROW()-6) -> 18 | B24: Taslima Akter | C24: Subject Teacher (IC)
A25: =IF(B25="","",ROW()-6) -> 19 | B25: Samiya Hashem | C25: Teacher's Assistant
A26: =IF(B26="","",ROW()-6) -> 20 | B26: Humaira Tasnim
A27: =IF(B27="","",ROW()-6) -> 21 | B27: Aziza Sultana | C27: Teacher's Assistant
A28: =IF(B28="","",ROW()-6) -> 22 | B28: Farhana Yesmin
A29: =IF(B29="","",ROW()-6) -> 23 | B29: Kamrun Nahar | C29: Class Teacher
A30: =IF(B30="","",ROW()-6) -> 24 | B30: Tashmem Al Faed | C30: Subject Teacher
A31: =IF(B31="","",ROW()-6) -> 25 | B31: Md Murad Hoshen | C31: IC Co-ordinator
A32: =IF(B32="","",ROW()-6) -> 26 | B32: Najmul Haque Masum | C32: Subject Teacher (IC)
A33: =IF(B33="","",ROW()-6) -> 27 | B33: Rahnuman Nesa Chowdhury | C33: Class Teacher
A34: =IF(B34="","",ROW()-6) -> 28 | B34: Othora Nausin Jafrin | C34: Assistant Teacher
A35: =IF(B35="","",ROW()-6) -> 29 | B35: Md Rahat Chy
A36: =IF(B36="","",ROW()-6) -> 30 | B36: Sania Rahman | C36: Class Teacher
A37: =IF(B37="","",ROW()-6) -> 31 | B37: Jaharin Subah | C37: Class Teacher
A38: =IF(B38="","",ROW()-6) -> 32 | B38: Afroza Akter
A39: =IF(B39="","",ROW()-6) -> 33 | B39: Ummay Hani Juthi | C39: Lead Teacher
A40: =IF(B40="","",ROW()-6) -> 34 | B40: Tanzina Haque | C40: Subject Teacher
A41: =IF(B41="","",ROW()-6) -> 35 | B41: Tahsina Tarannum
A42: =IF(B42="","",ROW()-6) -> 36 | B42: Mohammad Arafat Ul Alam
A43: =IF(B43="","",ROW()-6) -> 37 | B43: Md Kawser Hussain Rasel
A44: =IF(B44="","",ROW()-6) -> 38 | B44: Md. Mainuddin
A45: =IF(B45="","",ROW()-6) -> 39 | B45: Sumaiya Nusrat Pushpo | C45: Assistant Teacher
A46: =IF(B46="","",ROW()-6) -> 40 | B46: Ismat Tasnia | C46: Assistant Teacher
A47: =IF(B47="","",ROW()-6) -> 41 | B47: Ayesha Siddika Ruba | C47: Subject Teacher
A48: =IF(B48="","",ROW()-6) -> 42 | B48: Jannatur Rahman
A49: =IF(B49="","",ROW()-6) -> 43 | B49: Sultana Yasmin Geeti
A50: =IF(B50="","",ROW()-6) -> 44 | B50: Shaila Parvin
A51: =IF(B51="","",ROW()-6) -> 45 | B51: Ashik Bhuiyan
A52: =IF(B52="","",ROW()-6) -> 46 | B52: Md Helal Uddin
A53: =IF(B53="","",ROW()-6) -> 47 | B53: Shahida
A54: =IF(B54="","",ROW()-6) -> 48 | B54: Rabeya Rima
A55: =IF(B55="","",ROW()-6) -> 49 | B55: Moyna
A56: =IF(B56="","",ROW()-6) -> 50 | B56: Rohima
A57: =IF(B57="","",ROW()-6) -> 51 | B57: Sharmin
A58: =IF(B58="","",ROW()-6) -> 52 | B58: Nargis Akter
A59: =IF(B59="","",ROW()-6) -> 53 | B59: Sanjida Islam
A60: =IF(B60="","",ROW()-6)
A61: =IF(B61="","",ROW()-6)
A62: =IF(B62="","",ROW()-6)
A63: =IF(B63="","",ROW()-6)
A64: =IF(B64="","",ROW()-6)
A65: =IF(B65="","",ROW()-6)
A66: =IF(B66="","",ROW()-6)
A67: =IF(B67="","",ROW()-6)
A68: =IF(B68="","",ROW()-6)
A69: =IF(B69="","",ROW()-6)
A70: =IF(B70="","",ROW()-6)
A71: =IF(B71="","",ROW()-6)
... A106: =IF(B106="","",ROW()-6)
A107: ↑ Add new staff in rows above. Maximum 100.

Sheet Leave Records
A1: DUHA INTERNATIONAL SCHOOL — LEAVE RECORDS
A2: FILL IN (white cells): Staff Name ▼ Leave Type ▼ Reason From Date To Date Days Request Date Status ▼ | AUTO-FILLED (blue cells): SL# Designation Month
A3: SL# | B3: Staff Name | C3: Designation | D3: Leave Type | E3: Reason | F3: From Date | G3: To Date | H3: Month | I3: Days | J3: Request Date | K3: Status
A4: =IF(B4="","",ROW()-3) -> 1 | B4: Hasina Mohammed | C4: =IFERROR(VLOOKUP(B4,Config!$B$7:$C$106,2,0),"") -> Principal | D4: Casual Leave | E4: March CL | F4: 46082 | G4: 46083 | H4: =IF(F4="","",TEXT(F4,"MMMM YYYY")) -> March 2026 | I4: 2 | J4: 46082 | K4: Approved
A5: =IF(B5="","",ROW()-3) -> 2 | B5: Farida Yesmin Tamanna | C5: =IFERROR(VLOOKUP(B5,Config!$B$7:$C$106,2,0),"") | D5: Casual Leave | E5: March CL | F5: 46082 | G5: 46083 | H5: =IF(F5="","",TEXT(F5,"MMMM YYYY")) -> March 2026 | I5: 2 | J5: 46082 | K5: Approved
A6: =IF(B6="","",ROW()-3) -> 3 | B6: Rabia Sultana Prity | C6: =IFERROR(VLOOKUP(B6,Config!$B$7:$C$106,2,0),"") -> Class Teacher | D6: Casual Leave | E6: March CL | F6: 46082 | G6: 46086 | H6: =IF(F6="","",TEXT(F6,"MMMM YYYY")) -> March 2026 | I6: 5 | J6: 46082 | K6: Approved
A7: =IF(B7="","",ROW()-3) -> 4 | B7: Afrin Jahan Uzma | C7: =IFERROR(VLOOKUP(B7,Config!$B$7:$C$106,2,0),"") -> Lead Teacher | D7: Casual Leave | E7: March CL | F7: 46082 | G7: 46082 | H7: =IF(F7="","",TEXT(F7,"MMMM YYYY")) -> March 2026 | I7: 1 | J7: 46082 | K7: Approved
A8: =IF(B8="","",ROW()-3) -> 5 | B8: Ariful Islam Maruf | C8: =IFERROR(VLOOKUP(B8,Config!$B$7:$C$106,2,0),"") | D8: Casual Leave | E8: March CL | F8: 46082 | G8: 46083 | H8: =IF(F8="","",TEXT(F8,"MMMM YYYY")) -> March 2026 | I8: 2 | J8: 46082 | K8: Approved
A9: =IF(B9="","",ROW()-3) -> 6 | B9: Jinat Farhana Chy | C9: =IFERROR(VLOOKUP(B9,Config!$B$7:$C$106,2,0),"") -> Asst. Co-ord. (Pre-School) | D9: Casual Leave | E9: March CL | F9: 46082 | G9: 46082 | H9: =IF(F9="","",TEXT(F9,"MMMM YYYY")) -> March 2026 | I9: 1 | J9: 46082 | K9: Approved
A10: =IF(B10="","",ROW()-3) -> 7 | B10: Irfan Hossain | C10: =IFERROR(VLOOKUP(B10,Config!$B$7:$C$106,2,0),"") | D10: Casual Leave | E10: March CL | F10: 46082 | G10: 46085 | H10: =IF(F10="","",TEXT(F10,"MMMM YYYY")) -> March 2026 | I10: 4 | J10: 46082 | K10: Approved
A11: =IF(B11="","",ROW()-3) -> 8 | B11: Mohoshina Shifa Buble | C11: =IFERROR(VLOOKUP(B11,Config!$B$7:$C$106,2,0),"") -> Teacher's Assistant | D11: Casual Leave | E11: March CL | F11: 46082 | G11: 46084 | H11: =IF(F11="","",TEXT(F11,"MMMM YYYY")) -> March 2026 | I11: 3 | J11: 46082 | K11: Approved
A12: =IF(B12="","",ROW()-3) -> 9 | B12: Taslima Akter | C12: =IFERROR(VLOOKUP(B12,Config!$B$7:$C$106,2,0),"") -> Subject Teacher (IC) | D12: Casual Leave | E12: March CL | F12: 46082 | G12: 46083 | H12: =IF(F12="","",TEXT(F12,"MMMM YYYY")) -> March 2026 | I12: 2 | J12: 46082 | K12: Approved
A13: =IF(B13="","",ROW()-3) -> 10 | B13: Humaira Tasnim | C13: =IFERROR(VLOOKUP(B13,Config!$B$7:$C$106,2,0),"") | D13: Casual Leave | E13: March CL | F13: 46082 | G13: 46088 | H13: =IF(F13="","",TEXT(F13,"MMMM YYYY")) -> March 2026 | I13: 7 | J13: 46082 | K13: Approved
A14: =IF(B14="","",ROW()-3) -> 11 | B14: Aziza Sultana | C14: =IFERROR(VLOOKUP(B14,Config!$B$7:$C$106,2,0),"") -> Teacher's Assistant | D14: Casual Leave | E14: March CL | F14: 46082 | G14: 46083 | H14: =IF(F14="","",TEXT(F14,"MMMM YYYY")) -> March 2026 | I14: 2 | J14: 46082 | K14: Approved
A15: =IF(B15="","",ROW()-3) -> 12 | B15: Farhana Yesmin | C15: =IFERROR(VLOOKUP(B15,Config!$B$7:$C$106,2,0),"") | D15: Casual Leave | E15: March CL | F15: 46082 | G15: 46082 | H15: =IF(F15="","",TEXT(F15,"MMMM YYYY")) -> March 2026 | I15: 1 | J15: 46082 | K15: Approved
... A77: =IF(B77="","",ROW()-3) -> 74 | B77: Sultana Yasmin Geeti | C77: =IFERROR(VLOOKUP(B77,Config!$B$7:$C$106,2,0),"") | D77: Casual Leave | E77: Absent on 12th counted as CL | F77: 46154 | G77: 46154 | H77: =IF(F77="","",TEXT(F77,"MMMM YYYY")) -> May 2026 | I77: 1 | J77: 46154 | K77: Approved
A78: =IF(B78="","",ROW()-3) | C78: =IFERROR(VLOOKUP(B78,Config!$B$7:$C$106,2,0),"") | H78: =IF(F78="","",TEXT(F78,"MMMM YYYY"))
A79: =IF(B79="","",ROW()-3) | C79: =IFERROR(VLOOKUP(B79,Config!$B$7:$C$106,2,0),"") | H79: =IF(F79="","",TEXT(F79,"MMMM YYYY"))
A80: =IF(B80="","",ROW()-3) | C80: =IFERROR(VLOOKUP(B80,Config!$B$7:$C$106,2,0),"") | H80: =IF(F80="","",TEXT(F80,"MMMM YYYY"))
A81: =IF(B81="","",ROW()-3) | C81: =IFERROR(VLOOKUP(B81,Config!$B$7:$C$106,2,0),"") | H81: =IF(F81="","",TEXT(F81,"MMMM YYYY"))
A82: =IF(B82="","",ROW()-3) | C82: =IFERROR(VLOOKUP(B82,Config!$B$7:$C$106,2,0),"") | H82: =IF(F82="","",TEXT(F82,"MMMM YYYY"))
A83: =IF(B83="","",ROW()-3) | C83: =IFERROR(VLOOKUP(B83,Config!$B$7:$C$106,2,0),"") | H83: =IF(F83="","",TEXT(F83,"MMMM YYYY"))
A84: =IF(B84="","",ROW()-3) | C84: =IFERROR(VLOOKUP(B84,Config!$B$7:$C$106,2,0),"") | H84: =IF(F84="","",TEXT(F84,"MMMM YYYY"))
A85: =IF(B85="","",ROW()-3) | C85: =IFERROR(VLOOKUP(B85,Config!$B$7:$C$106,2,0),"") | H85: =IF(F85="","",TEXT(F85,"MMMM YYYY"))
A86: =IF(B86="","",ROW()-3) | C86: =IFERROR(VLOOKUP(B86,Config!$B$7:$C$106,2,0),"") | H86: =IF(F86="","",TEXT(F86,"MMMM YYYY"))
A87: =IF(B87="","",ROW()-3) | C87: =IFERROR(VLOOKUP(B87,Config!$B$7:$C$106,2,0),"") | H87: =IF(F87="","",TEXT(F87,"MMMM YYYY"))
A88: =IF(B88="","",ROW()-3) | C88: =IFERROR(VLOOKUP(B88,Config!$B$7:$C$106,2,0),"") | H88: =IF(F88="","",TEXT(F88,"MMMM YYYY"))
A89: =IF(B89="","",ROW()-3) | C89: =IFERROR(VLOOKUP(B89,Config!$B$7:$C$106,2,0),"") | H89: =IF(F89="","",TEXT(F89,"MMMM YYYY"))
... A303: =IF(B303="","",ROW()-3) | C303: =IFERROR(VLOOKUP(B303,Config!$B$7:$C$106,2,0),"") | H303: =IF(F303="","",TEXT(F303,"MMMM YYYY"))
A304: ← 300 rows pre-formatted above. Insert rows before this line to add more.
A305: =IF(B305="","",ROW()-3) -> 302 | B305: Tahsina Tarannum | C305: =IFERROR(VLOOKUP(B305,Config!$B$7:$C$106,2,0),"") | D305: Special Leave | E305: My grandfather was sick a few month sudden he left.. | F305: 46182.5 | G305: 46182.5 | H305: =IF(F305="","",TEXT(F305,"MMMM YYYY")) -> June 2026 | I305: 1 | J305: 46182.5 | K305: Approved
A306: =IF(B306="","",ROW()-3) -> 303 | B306: Jinat Farhana Chy | C306: =IFERROR(VLOOKUP(B306,Config!$B$7:$C$106,2,0),"") -> Asst. Co-ord. (Pre-School) | D306: Casual Leave | E306: Tonsil infections and fever. | F306: 46181.5 | G306: 46181.5 | H306: =IF(F306="","",TEXT(F306,"MMMM YYYY")) -> June 2026 | I306: 1 | J306: 46181.5 | K306: Approved
A307: =IF(B307="","",ROW()-3) -> 304 | B307: Sumaya Rahman | C307: =IFERROR(VLOOKUP(B307,Config!$B$7:$C$106,2,0),"") -> Asst. Co-ord. (Secondary) | D307: Casual Leave | E307: Family need | F307: 46155.5 | G307: 46156.5 | H307: =IF(F307="","",TEXT(F307,"MMMM YYYY")) -> May 2026 | I307: 2 | J307: 46155.5 | K307: Approved
A308: =IF(B308="","",ROW()-3) -> 305 | B308: Sania Rahman | C308: =IFERROR(VLOOKUP(B308,Config!$B$7:$C$106,2,0),"") -> Class Teacher | D308: Casual Leave | E308: My mother is sick | F308: 46154.5 | G308: 46155.5 | H308: =IF(F308="","",TEXT(F308,"MMMM YYYY")) -> May 2026 | I308: 2 | J308: 46154.5 | K308: Approved
A309: =IF(B309="","",ROW()-3) -> 306 | B309: Hasan Mahmud | C309: =IFERROR(VLOOKUP(B309,Config!$B$7:$C$106,2,0),"") -> Director | D309: Casual Leave | F309: 46113.5 | G309: 46113.5 | H309: =IF(F309="","",TEXT(F309,"MMMM YYYY")) -> April 2026 | I309: 1 | J309: 46138.5 | K309: Cancelled

Sheet Leave Summary
A1: DUHA INTERNATIONAL SCHOOL — LEAVE SUMMARY
A2: READ ONLY — Auto-calculated from 'Leave Records'. To add staff: edit Config sheet. To add leave entries: edit Leave Records sheet.
A3: SL | B3: Staff Name | C3: Designation | D3: =IFERROR(IF(Config!$E$7="","— Not Set —",Config!$E$7),"— Not Set —") -> Casual Leave | H3: =IFERROR(IF(Config!$E$8="","— Not Set —",Config!$E$8),"— Not Set —") -> Special Leave | L3: =IFERROR(IF(Config!$E$9="","— Not Set —",Config!$E$9),"— Not Set —") -> — Not Set — | P3: =IFERROR(IF(Config!$E$10="","— Not Set —",Config!$E$10),"— Not Set —") -> — Not Set — | T3: =IFERROR(IF(Config!$E$11="","— Not Set —",Config!$E$11),"— Not Set —") -> — Not Set — | X3: Grand Total Approved
A4: SL | B4: Staff Name | C4: Designation | D4: Annual Allot. | E4: Days Approved | F4: Days Pending | G4: Balance (Allot-Apprv) | H4: Annual Allot. | I4: Days Approved | J4: Days Pending | K4: Balance (Allot-Apprv) | L4: Annual Allot. | M4: Days Approved | N4: Days Pending | O4: Balance (Allot-Apprv) | P4: Annual Allot. | Q4: Days Approved | R4: Days Pending | S4: Balance (Allot-Apprv) | T4: Annual Allot. | U4: Days Approved | V4: Days Pending | W4: Balance (Allot-Apprv) | X4: Total Approved
A5: =IF(B5="","",ROW()-4) -> 1 | B5: =IF(Config!$B$7="","",Config!$B$7) -> Hasan Mahmud | C5: =IF(Config!$B$7="","",Config!$C$7) -> Director | D5: =IF($B5="","",IFERROR(Config!$F$7,0)) -> 10 | E5: =IF($B5="","",IF(Config!$E$7="",0,SUMIFS('Leave Records'!$I:$I,'Leave Records'!$B:$B,$B5,'Leave Records'!$D:$D,Config!$E$7,'Leave Records'!$K:$K,"Approved"))) -> 0 | F5: =IF($B5="","",IF(Config!$E$7="",0,SUMIFS('Leave Records'!$I:$I,'Leave Records'!$B:$B,$B5,'Leave Records'!$D:$D,Config!$E$7,'Leave Records'!$K:$K,"Pending"))) -> 0 | G5: =IF($B5="","",D5-E5) -> 10 | H5: =IF($B5="","",IFERROR(Config!$F$8,0)) -> 5 | I5: =IF($B5="","",IF(Config!$E$8="",0,SUMIFS('Leave Records'!$I:$I,'Leave Records'!$B:$B,$B5,'Leave Records'!$D:$D,Config!$E$8,'Leave Records'!$K:$K,"Approved"))) -> 0 | J5: =IF($B5="","",IF(Config!$E$8="",0,SUMIFS('Leave Records'!$I:$I,'Leave Records'!$B:$B,$B5,'Leave Records'!$D:$D,Config!$E$8,'Leave Records'!$K:$K,"Pending"))) -> 0 | K5: =IF($B5="","",H5-I5) -> 5 | L5: =IF($B5="","",IFERROR(Config!$F$9,0)) -> 0 | M5: =IF($B5="","",IF(Config!$E$9="",0,SUMIFS('Leave Records'!$I:$I,'Leave Records'!$B:$B,$B5,'Leave Records'!$D:$D,Config!$E$9,'Leave Records'!$K:$K,"Approved"))) -> 0 | N5: =IF($B5="","",IF(Config!$E$9="",0,SUMIFS('Leave Records'!$I:$I,'Leave Records'!$B:$B,$B5,'Leave Records'!$D:$D,Config!$E$9,'Leave Records'!$K:$K,"Pending"))) -> 0 | O5: =IF($B5="","",L5-M5) -> 0 | P5: =IF($B5="","",IFERROR(Config!$F$10,0)) -> 0 | Q5: =IF($B5="","",IF(Config!$E$10="",0,SUMIFS('Leave Records'!$I:$I,'Leave Records'!$B:$B,$B5,'Leave Records'!$D:$D,Config!$E$10,'Leave Records'!$K:$K,"Approved"))) -> 0 | R5: =IF($B5="","",IF(Config!$E$10="",0,SUMIFS('Leave Records'!$I:$I,'Leave Records'!$B:$B,$B5,'Leave Records'!$D:$D,Config!$E$10,'Leave Records'!$K:$K,"Pending"))) -> 0 | S5: =IF($B5="","",P5-Q5) -> 0 | T5: =IF($B5="","",IFERROR(Config!$F$11,0)) -> 0 | U5: =IF($B5="","",IF(Config!$E$11="",0,SUMIFS('Leave Records'!$I:$I,'Leave Records'!$B:$B,$B5,'Leave Records'!$D:$D,Config!$E$11,'Leave Records'!$K:$K,"Approved"))) -> 0 | V5: =IF($B5="","",IF(Config!$E$11="",0,SUMIFS('Leave Records'!$I:$I,'Leave Records'!$B:$B,$B5,'Leave Records'!$D:$D,Config!$E$11,'Leave Records'!$K:$K,"Pending"))) -> 0 | W5: =IF($B5="","",T5-U5) -> 0 | X5: =IF($B5="","",E5+I5+M5+Q5+U5) -> 0
A6: =IF(B6="","",ROW()-4) -> 2 | B6: =IF(Config!$B$8="","",Config!$B$8) -> Hasina Mohammed | C6: =IF(Config!$B$8="","",Config!$C$8) -> Principal | D6: =IF($B6="","",IFERROR(Config!$F$7,0)) -> 10 | E6: =IF($B6="","",IF(Config!$E$7="",0,SUMIFS('Leave Records'!$I:$I,'Leave Records'!$B:$B,$B6,'Leave Records'!$D:$D,Config!$E$7,'Leave Records'!$K:$K,"Approved"))) -> 2 | F6: =IF($B6="","",IF(Config!$E$7="",0,SUMIFS('Leave Records'!$I:$I,'Leave Records'!$B:$B,$B6,'Leave Records'!$D:$D,Config!$E$7,'Leave Records'!$K:$K,"Pending"))) -> 0 | G6: =IF($B6="","",D6-E6) -> 8 | H6: =IF($B6="","",IFERROR(Config!$F$8,0)) -> 5 | I6: =IF($B6="","",IF(Config!$E$8="",0,SUMIFS('Leave Records'!$I:$I,'Leave Records'!$B:$B,$B6,'Leave Records'!$D:$D,Config!$E$8,'Leave Records'!$K:$K,"Approved"))) -> 0 | J6: =IF($B6="","",IF(Config!$E$8="",0,SUMIFS('Leave Records'!$I:$I,'Leave Records'!$B:$B,$B6,'Leave Records'!$D:$D,Config!$E$8,'Leave Records'!$K:$K,"Pending"))) -> 0 | K6: =IF($B6="","",H6-I6) -> 5 | L6: =IF($B6="","",IFERROR(Config!$F$9,0)) -> 0 | M6: =IF($B6="","",IF(Config!$E$9="",0,SUMIFS('Leave Records'!$I:$I,'Leave Records'!$B:$B,$B6,'Leave Records'!$D:$D,Config!$E$9,'Leave Records'!$K:$K,"Approved"))) -> 0 | N6: =IF($B6="","",IF(Config!$E$9="",0,SUMIFS('Leave Records'!$I:$I,'Leave Records'!$B:$B,$B6,'Leave Records'!$D:$D,Config!$E$9,'Leave Records'!$K:$K,"Pending"))) -> 0 | O6: =IF($B6="","",L6-M6) -> 0 | P6: =IF($B6="","",IFERROR(Config!$F$10,0)) -> 0 | Q6: =IF($B6="","",IF(Config!$E$10="",0,SUMIFS('Leave Records'!$I:$I,'Leave Records'!$B:$B,$B6,'Leave Records'!$D:$D,Config!$E$10,'Leave Records'!$K:$K,"Approved"))) -> 0 | R6: =IF($B6="","",IF(Config!$E$10="",0,SUMIFS('Leave Records'!$I:$I,'Leave Records'!$B:$B,$B6,'Leave Records'!$D:$D,Config!$E$10,'Leave Records'!$K:$K,"Pending"))) -> 0 | S6: =IF($B6="","",P6-Q6) -> 0 | T6: =IF($B6="","",IFERROR(Config!$F$11,0)) -> 0 | U6: =IF($B6="","",IF(Config!$E$11="",0,SUMIFS('Leave Records'!$I:$I,'Leave Records'!$B:$B,$B6,'Leave Records'!$D:$D,Config!$E$11,'Leave Records'!$K:$K,"Approved"))) -> 0 | V6: =IF($B6="","",IF(Config!$E$11="",0,SUMIFS('Leave Records'!$I:$I,'Leave Records'!$B:$B,$B6,'Leave Records'!$D:$D,Config!$E$11,'Leave Records'!$K:$K,"Pending"))) -> 0 | W6: =IF($B6="","",T6-U6) -> 0 | X6: =IF($B6="","",E6+I6+M6+Q6+U6) -> 2
A7: =IF(B7="","",ROW()-4) -> 3 | B7: =IF(Config!$B$9="","",Config!$B$9) -> Nusrat Jahan Ira | C7: =IF(Config!$B$9="","",Config!$C$9) | D7: =IF($B7="","",IFERROR(Config!$F$7,0)) -> 10 | E7: =IF($B7="","",IF(Config!$E$7="",0,SUMIFS('Leave Records'!$I:$I,'Leave Records'!$B:$B,$B7,'Leave Records'!$D:$D,Config!$E$7,'Leave Records'!$K:$K,"Approved"))) -> 0 | F7: =IF($B7="","",IF(Config!$E$7="",0,SUMIFS('Leave Records'!$I:$I,'Leave Records'!$B:$B,$B7,'Leave Records'!$D:$D,Config!$E$7,'Leave Records'!$K:$K,"Pending"))) -> 0 | G7: =IF($B7="","",D7-E7) -> 10 | H7: =IF($B7="","",IFERROR(Config!$F$8,0)) -> 5 | I7: =IF($B7="","",IF(Config!$E$8="",0,SUMIFS('Leave Records'!$I:$I,'Leave Records'!$B:$B,$B7,'Leave Records'!$D:$D,Config!$E$8,'Leave Records'!$K:$K,"Approved"))) -> 0 | J7: =IF($B7="","",IF(Config!$E$8="",0,SUMIFS('Leave Records'!$I:$I,'Leave Records'!$B:$B,$B7,'Leave Records'!$D:$D,Config!$E$8,'Leave Records'!$K:$K,"Pending"))) -> 0 | K7: =IF($B7="","",H7-I7) -> 5 | L7: =IF($B7="","",IFERROR(Config!$F$9,0)) -> 0 | M7: =IF($B7="","",IF(Config!$E$9="",0,SUMIFS('Leave Records'!$I:$I,'Leave Records'!$B:$B,$B7,'Leave Records'!$D:$D,Config!$E$9,'Leave Records'!$K:$K,"Approved"))) -> 0 | N7: =IF($B7="","",IF(Config!$E$9="",0,SUMIFS('Leave Records'!$I:$I,'Leave Records'!$B:$B,$B7,'Leave Records'!$D:$D,Config!$E$9,'Leave Records'!$K:$K,"Pending"))) -> 0 | O7: =IF($B7="","",L7-M7) -> 0 | P7: =IF($B7="","",IFERROR(Config!$F$10,0)) -> 0 | Q7: =IF($B7="","",IF(Config!$E$10="",0,SUMIFS('Leave Records'!$I:$I,'Leave Records'!$B:$B,$B7,'Leave Records'!$D:$D,Config!$E$10,'Leave Records'!$K:$K,"Approved"))) -> 0 | R7: =IF($B7="","",IF(Config!$E$10="",0,SUMIFS('Leave Records'!$I:$I,'Leave Records'!$B:$B,$B7,'Leave Records'!$D:$D,Config!$E$10,'Leave Records'!$K:$K,"Pending"))) -> 0 | S7: =IF($B7="","",P7-Q7) -> 0 | T7: =IF($B7="","",IFERROR(Config!$F$11,0)) -> 0 | U7: =IF($B7="","",IF(Config!$E$11="",0,SUMIFS('Leave Records'!$I:$I,'Leave Records'!$B:$B,$B7,'Leave Records'!$D:$D,Config!$E$11,'Leave Records'!$K:$K,"Approved"))) -> 0 | V7: =IF($B7="","",IF(Config!$E$11="",0,SUMIFS('Leave Records'!$I:$I,'Leave Records'!$B:$B,$B7,'Leave Records'!$D:$D,Config!$E$11,'Leave Records'!$K:$K,"Pending"))) -> 0 | W7: =IF($B7="","",T7-U7) -> 0 | X7: =IF($B7="","",E7+I7+M7+Q7+U7) -> 0
A8: =IF(B8="","",ROW()-4) -> 4 | B8: =IF(Config!$B$10="","",Config!$B$10) -> Sadia Sultana Rima | C8: =IF(Config!$B$10="","",Config!$C$10) -> Preschool Co-ordinator | D8: =IF($B8="","",IFERROR(Config!$F$7,0)) -> 10 | E8: =IF($B8="","",IF(Config!$E$7="",0,SUMIFS('Leave Records'!$I:$I,'Leave Records'!$B:$B,$B8,'Leave Records'!$D:$D,Config!$E$7,'Leave Records'!$K:$K,"Approved"))) -> 2 | F8: =IF($B8="","",IF(Config!$E$7="",0,SUMIFS('Leave Records'!$I:$I,'Leave Records'!$B:$B,$B8,'Leave Records'!$D:$D,Config!$E$7,'Leave Records'!$K:$K,"Pending"))) -> 0 | G8: =IF($B8="","",D8-E8) -> 8 | H8: =IF($B8="","",IFERROR(Config!$F$8,0)) -> 5 | I8: =IF($B8="","",IF(Config!$E$8="",0,SUMIFS('Leave Records'!$I:$I,'Leave Records'!$B:$B,$B8,'Leave Records'!$D:$D,Config!$E$8,'Leave Records'!$K:$K,"Approved"))) -> 1 | J8: =IF($B8="","",IF(Config!$E$8="",0,SUMIFS('Leave Records'!$I:$I,'Leave Records'!$B:$B,$B8,'Leave Records'!$D:$D,Config!$E$8,'Leave Records'!$K:$K,"Pending"))) -> 0 | K8: =IF($B8="","",H8-I8) -> 4 | L8: =IF($B8="","",IFERROR(Config!$F$9,0)) -> 0 | M8: =IF($B8="","",IF(Config!$E$9="",0,SUMIFS('Leave Records'!$I:$I,'Leave Records'!$B:$B,$B8,'Leave Records'!$D:$D,Config!$E$9,'Leave Records'!$K:$K,"Approved"))) -> 0 | N8: =IF($B8="","",IF(Config!$E$9="",0,SUMIFS('Leave Records'!$I:$I,'Leave Records'!$B:$B,$B8,'Leave Records'!$D:$D,Config!$E$9,'Leave Records'!$K:$K,"Pending"))) -> 0 | O8: =IF($B8="","",L8-M8) -> 0 | P8: =IF($B8="","",IFERROR(Config!$F$10,0)) -> 0 | Q8: =IF($B8="","",IF(Config!$E$10="",0,SUMIFS('Leave Records'!$I:$I,'Leave Records'!$B:$B,$B8,'Leave Records'!$D:$D,Config!$E$10,'Leave Records'!$K:$K,"Approved"))) -> 0 | R8: =IF($B8="","",IF(Config!$E$10="",0,SUMIFS('Leave Records'!$I:$I,'Leave Records'!$B:$B,$B8,'Leave Records'!$D:$D,Config!$E$10,'Leave Records'!$K:$K,"Pending"))) -> 0 | S8: =IF($B8="","",P8-Q8) -> 0 | T8: =IF($B8="","",IFERROR(Config!$F$11,0)) -> 0 | U8: =IF($B8="","",IF(Config!$E$11="",0,SUMIFS('Leave Records'!$I:$I,'Leave Records'!$B:$B,$B8,'Leave Records'!$D:$D,Config!$E$11,'Leave Records'!$K:$K,"Approved"))) -> 0 | V8: =IF($B8="","",IF(Config!$E$11="",0,SUMIFS('Leave Records'!$I:$I,'Leave Records'!$B:$B,$B8,'Leave Records'!$D:$D,Config!$E$11,'Leave Records'!$K:$K,"Pending"))) -> 0 | W8: =IF($B8="","",T8-U8) -> 0 | X8: =IF($B8="","",E8+I8+M8+Q8+U8) -> 3
A9: =IF(B9="","",ROW()-4) -> 5 | B9: =IF(Config!$B$11="","",Config!$B$11) -> Fatema Akter Mili | C9: =IF(Config!$B$11="","",Config!$C$11) | D9: =IF($B9="","",IFERROR(Config!$F$7,0)) -> 10 | E9: =IF($B9="","",IF(Config!$E$7="",0,SUMIFS('Leave Records'!$I:$I,'Leave Records'!$B:$B,$B9,'Leave Records'!$D:$D,Config!$E$7,'Leave Records'!$K:$K,"Approved"))) -> 0 | F9: =IF($B9="","",IF(Config!$E$7="",0,SUMIFS('Leave Records'!$I:$I,'Leave Records'!$B:$B,$B9,'Leave Records'!$D:$D,Config!$E$7,'Leave Records'!$K:$K,"Pending"))) -> 0 | G9: =IF($B9="","",D9-E9) -> 10 | H9: =IF($B9="","",IFERROR(Config!$F$8,0)) -> 5 | I9: =IF($B9="","",IF(Config!$E$8="",0,SUMIFS('Leave Records'!$I:$I,'Leave Records'!$B:$B,$B9,'Leave Records'!$D:$D,Config!$E$8,'Leave Records'!$K:$K,"Approved"))) -> 0 | J9: =IF($B9="","",IF(Config!$E$8="",0,SUMIFS('Leave Records'!$I:$I,'Leave Records'!$B:$B,$B9,'Leave Records'!$D:$D,Config!$E$8,'Leave Records'!$K:$K,"Pending"))) -> 0 | K9: =IF($B9="","",H9-I9) -> 5 | L9: =IF($B9="","",IFERROR(Config!$F$9,0)) -> 0 | M9: =IF($B9="","",IF(Config!$E$9="",0,SUMIFS('Leave Records'!$I:$I,'Leave Records'!$B:$B,$B9,'Leave Records'!$D:$D,Config!$E$9,'Leave Records'!$K:$K,"Approved"))) -> 0 | N9: =IF($B9="","",IF(Config!$E$9="",0,SUMIFS('Leave Records'!$I:$I,'Leave Records'!$B:$B,$B9,'Leave Records'!$D:$D,Config!$E$9,'Leave Records'!$K:$K,"Pending"))) -> 0 | O9: =IF($B9="","",L9-M9) -> 0 | P9: =IF($B9="","",IFERROR(Config!$F$10,0)) -> 0 | Q9: =IF($B9="","",IF(Config!$E$10="",0,SUMIFS('Leave Records'!$I:$I,'Leave Records'!$B:$B,$B9,'Leave Records'!$D:$D,Config!$E$10,'Leave Records'!$K:$K,"Approved"))) -> 0 | R9: =IF($B9="","",IF(Config!$E$10="",0,SUMIFS('Leave Records'!$I:$I,'Leave Records'!$B:$B,$B9,'Leave Records'!$D:$D,Config!$E$10,'Leave Records'!$K:$K,"Pending"))) -> 0 | S9: =IF($B9="","",P9-Q9) -> 0 | T9: =IF($B9="","",IFERROR(Config!$F$11,0)) -> 0 | U9: =IF($B9="","",IF(Config!$E$11="",0,SUMIFS('Leave Records'!$I:$I,'Leave Records'!$B:$B,$B9,'Leave Records'!$D:$D,Config!$E$11,'Leave Records'!$K:$K,"Approved"))) -> 0 | V9: =IF($B9="","",IF(Config!$E$11="",0,SUMIFS('Leave Records'!$I:$I,'Leave Records'!$B:$B,$B9,'Leave Records'!$D:$D,Config!$E$11,'Leave Records'!$K:$K,"Pending"))) -> 0 | W9: =IF($B9="","",T9-U9) -> 0 | X9: =IF($B9="","",E9+I9+M9+Q9+U9) -> 0
A10: =IF(B10="","",ROW()-4) -> 6 | B10: =IF(Config!$B$12="","",Config!$B$12) -> Farida Yesmin Tamanna | C10: =IF(Config!$B$12="","",Config!$C$12) | D10: =IF($B10="","",IFERROR(Config!$F$7,0)) -> 10 | E10: =IF($B10="","",IF(Config!$E$7="",0,SUMIFS('Leave Records'!$I:$I,'Leave Records'!$B:$B,$B10,'Leave Records'!$D:$D,Config!$E$7,'Leave Records'!$K:$K,"Approved"))) -> 2 | F10: =IF($B10="","",IF(Config!$E$7="",0,SUMIFS('Leave Records'!$I:$I,'Leave Records'!$B:$B,$B10,'Leave Records'!$D:$D,Config!$E$7,'Leave Records'!$K:$K,"Pending"))) -> 0 | G10: =IF($B10="","",D10-E10) -> 8 | H10: =IF($B10="","",IFERROR(Config!$F$8,0)) -> 5 | I10: =IF($B10="","",IF(Config!$E$8="",0,SUMIFS('Leave Records'!$I:$I,'Leave Records'!$B:$B,$B10,'Leave Records'!$D:$D,Config!$E$8,'Leave Records'!$K:$K,"Approved"))) -> 0 | J10: =IF($B10="","",IF(Config!$E$8="",0,SUMIFS('Leave Records'!$I:$I,'Leave Records'!$B:$B,$B10,'Leave Records'!$D:$D,Config!$E$8,'Leave Records'!$K:$K,"Pending"))) -> 0 | K10: =IF($B10="","",H10-I10) -> 5 | L10: =IF($B10="","",IFERROR(Config!$F$9,0)) -> 0 | M10: =IF($B10="","",IF(Config!$E$9="",0,SUMIFS('Leave Records'!$I:$I,'Leave Records'!$B:$B,$B10,'Leave Records'!$D:$D,Config!$E$9,'Leave Records'!$K:$K,"Approved"))) -> 0 | N10: =IF($B10="","",IF(Config!$E$9="",0,SUMIFS('Leave Records'!$I:$I,'Leave Records'!$B:$B,$B10,'Leave Records'!$D:$D,Config!$E$9,'Leave Records'!$K:$K,"Pending"))) -> 0 | O10: =IF($B10="","",L10-M10) -> 0 | P10: =IF($B10="","",IFERROR(Config!$F$10,0)) -> 0 | Q10: =IF($B10="","",IF(Config!$E$10="",0,SUMIFS('Leave Records'!$I:$I,'Leave Records'!$B:$B,$B10,'Leave Records'!$D:$D,Config!$E$10,'Leave Records'!$K:$K,"Approved"))) -> 0 | R10: =IF($B10="","",IF(Config!$E$10="",0,SUMIFS('Leave Records'!$I:$I,'Leave Records'!$B:$B,$B10,'Leave Records'!$D:$D,Config!$E$10,'Leave Records'!$K:$K,"Pending"))) -> 0 | S10: =IF($B10="","",P10-Q10) -> 0 | T10: =IF($B10="","",IFERROR(Config!$F$11,0)) -> 0 | U10: =IF($B10="","",IF(Config!$E$11="",0,SUMIFS('Leave Records'!$I:$I,'Leave Records'!$B:$B,$B10,'Leave Records'!$D:$D,Config!$E$11,'Leave Records'!$K:$K,"Approved"))) -> 0 | V10: =IF($B10="","",IF(Config!$E$11="",0,SUMIFS('Leave Records'!$I:$I,'Leave Records'!$B:$B,$B10,'Leave Records'!$D:$D,Config!$E$11,'Leave Records'!$K:$K,"Pending"))) -> 0 | W10: =IF($B10="","",T10-U10) -> 0 | X10: =IF($B10="","",E10+I10+M10+Q10+U10) -> 2
A11: =IF(B11="","",ROW()-4) -> 7 | B11: =IF(Config!$B$13="","",Config!$B$13) -> Shalina Akter Eity | C11: =IF(Config!$B$13="","",Config!$C$13) | D11: =IF($B11="","",IFERROR(Config!$F$7,0)) -> 10 | E11: =IF($B11="","",IF(Config!$E$7="",0,SUMIFS('Leave Records'!$I:$I,'Leave Records'!$B:$B,$B11,'Leave Records'!$D:$D,Config!$E$7,'Leave Records'!$K:$K,"Approved"))) -> 0 | F11: =IF($B11="","",IF(Config!$E$7="",0,SUMIFS('Leave Records'!$I:$I,'Leave Records'!$B:$B,$B11,'Leave Records'!$D:$D,Config!$E$7,'Leave Records'!$K:$K,"Pending"))) -> 0 | G11: =IF($B11="","",D11-E11) -> 10 | H11: =IF($B11="","",IFERROR(Config!$F$8,0)) -> 5 | I11: =IF($B11="","",IF(Config!$E$8="",0,SUMIFS('Leave Records'!$I:$I,'Leave Records'!$B:$B,$B11,'Leave Records'!$D:$D,Config!$E$8,'Leave Records'!$K:$K,"Approved"))) -> 0 | J11: =IF($B11="","",IF(Config!$E$8="",0,SUMIFS('Leave Records'!$I:$I,'Leave Records'!$B:$B,$B11,'Leave Records'!$D:$D,Config!$E$8,'Leave Records'!$K:$K,"Pending"))) -> 0 | K11: =IF($B11="","",H11-I11) -> 5 | L11: =IF($B11="","",IFERROR(Config!$F$9,0)) -> 0 | M11: =IF($B11="","",IF(Config!$E$9="",0,SUMIFS('Leave Records'!$I:$I,'Leave Records'!$B:$B,$B11,'Leave Records'!$D:$D,Config!$E$9,'Leave Records'!$K:$K,"Approved"))) -> 0 | N11: =IF($B11="","",IF(Config!$E$9="",0,SUMIFS('Leave Records'!$I:$I,'Leave Records'!$B:$B,$B11,'Leave Records'!$D:$D,Config!$E$9,'Leave Records'!$K:$K,"Pending"))) -> 0 | O11: =IF($B11="","",L11-M11) -> 0 | P11: =IF($B11="","",IFERROR(Config!$F$10,0)) -> 0 | Q11: =IF($B11="","",IF(Config!$E$10="",0,SUMIFS('Leave Records'!$I:$I,'Leave Records'!$B:$B,$B11,'Leave Records'!$D:$D,Config!$E$10,'Leave Records'!$K:$K,"Approved"))) -> 0 | R11: =IF($B11="","",IF(Config!$E$10="",0,SUMIFS('Leave Records'!$I:$I,'Leave Records'!$B:$B,$B11,'Leave Records'!$D:$D,Config!$E$10,'Leave Records'!$K:$K,"Pending"))) -> 0 | S11: =IF($B11="","",P11-Q11) -> 0 | T11: =IF($B11="","",IFERROR(Config!$F$11,0)) -> 0 | U11: =IF($B11="","",IF(Config!$E$11="",0,SUMIFS('Leave Records'!$I:$I,'Leave Records'!$B:$B,$B11,'Leave Records'!$D:$D,Config!$E$11,'Leave Records'!$K:$K,"Approved"))) -> 0 | V11: =IF($B11="","",IF(Config!$E$11="",0,SUMIFS('Leave Records'!$I:$I,'Leave Records'!$B:$B,$B11,'Leave Records'!$D:$D,Config!$E$11,'Leave Records'!$K:$K,"Pending"))) -> 0 | W11: =IF($B11="","",T11-U11) -> 0 | X11: =IF($B11="","",E11+I11+M11+Q11+U11) -> 0
A12: =IF(B12="","",ROW()-4) -> 8 | B12: =IF(Config!$B$14="","",Config!$B$14) -> Rabia Sultana Prity | C12: =IF(Config!$B$14="","",Config!$C$14) -> Class Teacher | D12: =IF($B12="","",IFERROR(Config!$F$7,0)) -> 10 | E12: =IF($B12="","",IF(Config!$E$7="",0,SUMIFS('Leave Records'!$I:$I,'Leave Records'!$B:$B,$B12,'Leave Records'!$D:$D,Config!$E$7,'Leave Records'!$K:$K,"Approved"))) -> 5 | F12: =IF($B12="","",IF(Config!$E$7="",0,SUMIFS('Leave Records'!$I:$I,'Leave Records'!$B:$B,$B12,'Leave Records'!$D:$D,Config!$E$7,'Leave Records'!$K:$K,"Pending"))) -> 0 | G12: =IF($B12="","",D12-E12) -> 5 | H12: =IF($B12="","",IFERROR(Config!$F$8,0)) -> 5 | I12: =IF($B12="","",IF(Config!$E$8="",0,SUMIFS('Leave Records'!$I:$I,'Leave Records'!$B:$B,$B12,'Leave Records'!$D:$D,Config!$E$8,'Leave Records'!$K:$K,"Approved"))) -> 0 | J12: =IF($B12="","",IF(Config!$E$8="",0,SUMIFS('Leave Records'!$I:$I,'Leave Records'!$B:$B,$B12,'Leave Records'!$D:$D,Config!$E$8,'Leave Records'!$K:$K,"Pending"))) -> 0 | K12: =IF($B12="","",H12-I12) -> 5 | L12: =IF($B12="","",IFERROR(Config!$F$9,0)) -> 0 | M12: =IF($B12="","",IF(Config!$E$9="",0,SUMIFS('Leave Records'!$I:$I,'Leave Records'!$B:$B,$B12,'Leave Records'!$D:$D,Config!$E$9,'Leave Records'!$K:$K,"Approved"))) -> 0 | N12: =IF($B12="","",IF(Config!$E$9="",0,SUMIFS('Leave Records'!$I:$I,'Leave Records'!$B:$B,$B12,'Leave Records'!$D:$D,Config!$E$9,'Leave Records'!$K:$K,"Pending"))) -> 0 | O12: =IF($B12="","",L12-M12) -> 0 | P12: =IF($B12="","",IFERROR(Config!$F$10,0)) -> 0 | Q12: =IF($B12="","",IF(Config!$E$10="",0,SUMIFS('Leave Records'!$I:$I,'Leave Records'!$B:$B,$B12,'Leave Records'!$D:$D,Config!$E$10,'Leave Records'!$K:$K,"Approved"))) -> 0 | R12: =IF($B12="","",IF(Config!$E$10="",0,SUMIFS('Leave Records'!$I:$I,'Leave Records'!$B:$B,$B12,'Leave Records'!$D:$D,Config!$E$10,'Leave Records'!$K:$K,"Pending"))) -> 0 | S12: =IF($B12="","",P12-Q12) -> 0 | T12: =IF($B12="","",IFERROR(Config!$F$11,0)) -> 0 | U12: =IF($B12="","",IF(Config!$E$11="",0,SUMIFS('Leave Records'!$I:$I,'Leave Records'!$B:$B,$B12,'Leave Records'!$D:$D,Config!$E$11,'Leave Records'!$K:$K,"Approved"))) -> 0 | V12: =IF($B12="","",IF(Config!$E$11="",0,SUMIFS('Leave Records'!$I:$I,'Leave Records'!$B:$B,$B12,'Leave Records'!$D:$D,Config!$E$11,'Leave Records'!$K:$K,"Pending"))) -> 0 | W12: =IF($B12="","",T12-U12) -> 0 | X12: =IF($B12="","",E12+I12+M12+Q12+U12) -> 5
A13: =IF(B13="","",ROW()-4) -> 9 | B13: =IF(Config!$B$15="","",Config!$B$15) -> Afrin Jahan Uzma | C13: =IF(Config!$B$15="","",Config!$C$15) -> Lead Teacher | D13: =IF($B13="","",IFERROR(Config!$F$7,0)) -> 10 | E13: =IF($B13="","",IF(Config!$E$7="",0,SUMIFS('Leave Records'!$I:$I,'Leave Records'!$B:$B,$B13,'Leave Records'!$D:$D,Config!$E$7,'Leave Records'!$K:$K,"Approved"))) -> 5 | F13: =IF($B13="","",IF(Config!$E$7="",0,SUMIFS('Leave Records'!$I:$I,'Leave Records'!$B:$B,$B13,'Leave Records'!$D:$D,Config!$E$7,'Leave Records'!$K:$K,"Pending"))) -> 0 | G13: =IF($B13="","",D13-E13) -> 5 | H13: =IF($B13="","",IFERROR(Config!$F$8,0)) -> 5 | I13: =IF($B13="","",IF(Config!$E$8="",0,SUMIFS('Leave Records'!$I:$I,'Leave Records'!$B:$B,$B13,'Leave Records'!$D:$D,Config!$E$8,'Leave Records'!$K:$K,"Approved"))) -> 0 | J13: =IF($B13="","",IF(Config!$E$8="",0,SUMIFS('Leave Records'!$I:$I,'Leave Records'!$B:$B,$B13,'Leave Records'!$D:$D,Config!$E$8,'Leave Records'!$K:$K,"Pending"))) -> 0 | K13: =IF($B13="","",H13-I13) -> 5 | L13: =IF($B13="","",IFERROR(Config!$F$9,0)) -> 0 | M13: =IF($B13="","",IF(Config!$E$9="",0,SUMIFS('Leave Records'!$I:$I,'Leave Records'!$B:$B,$B13,'Leave Records'!$D:$D,Config!$E$9,'Leave Records'!$K:$K,"Approved"))) -> 0 | N13: =IF($B13="","",IF(Config!$E$9="",0,SUMIFS('Leave Records'!$I:$I,'Leave Records'!$B:$B,$B13,'Leave Records'!$D:$D,Config!$E$9,'Leave Records'!$K:$K,"Pending"))) -> 0 | O13: =IF($B13="","",L13-M13) -> 0 | P13: =IF($B13="","",IFERROR(Config!$F$10,0)) -> 0 | Q13: =IF($B13="","",IF(Config!$E$10="",0,SUMIFS('Leave Records'!$I:$I,'Leave Records'!$B:$B,$B13,'Leave Records'!$D:$D,Config!$E$10,'Leave Records'!$K:$K,"Approved"))) -> 0 | R13: =IF($B13="","",IF(Config!$E$10="",0,SUMIFS('Leave Records'!$I:$I,'Leave Records'!$B:$B,$B13,'Leave Records'!$D:$D,Config!$E$10,'Leave Records'!$K:$K,"Pending"))) -> 0 | S13: =IF($B13="","",P13-Q13) -> 0 | T13: =IF($B13="","",IFERROR(Config!$F$11,0)) -> 0 | U13: =IF($B13="","",IF(Config!$E$11="",0,SUMIFS('Leave Records'!$I:$I,'Leave Records'!$B:$B,$B13,'Leave Records'!$D:$D,Config!$E$11,'Leave Records'!$K:$K,"Approved"))) -> 0 | V13: =IF($B13="","",IF(Config!$E$11="",0,SUMIFS('Leave Records'!$I:$I,'Leave Records'!$B:$B,$B13,'Leave Records'!$D:$D,Config!$E$11,'Leave Records'!$K:$K,"Pending"))) -> 0 | W13: =IF($B13="","",T13-U13) -> 0 | X13: =IF($B13="","",E13+I13+M13+Q13+U13) -> 5
A14: =IF(B14="","",ROW()-4) -> 10 | B14: =IF(Config!$B$16="","",Config!$B$16) -> Ariful Islam Maruf | C14: =IF(Config!$B$16="","",Config!$C$16) | D14: =IF($B14="","",IFERROR(Config!$F$7,0)) -> 10 | E14: =IF($B14="","",IF(Config!$E$7="",0,SUMIFS('Leave Records'!$I:$I,'Leave Records'!$B:$B,$B14,'Leave Records'!$D:$D,Config!$E$7,'Leave Records'!$K:$K,"Approved"))) -> 2 | F14: =IF($B14="","",IF(Config!$E$7="",0,SUMIFS('Leave Records'!$I:$I,'Leave Records'!$B:$B,$B14,'Leave Records'!$D:$D,Config!$E$7,'Leave Records'!$K:$K,"Pending"))) -> 0 | G14: =IF($B14="","",D14-E14) -> 8 | H14: =IF($B14="","",IFERROR(Config!$F$8,0)) -> 5 | I14: =IF($B14="","",IF(Config!$E$8="",0,SUMIFS('Leave Records'!$I:$I,'Leave Records'!$B:$B,$B14,'Leave Records'!$D:$D,Config!$E$8,'Leave Records'!$K:$K,"Approved"))) -> 0 | J14: =IF($B14="","",IF(Config!$E$8="",0,SUMIFS('Leave Records'!$I:$I,'Leave Records'!$B:$B,$B14,'Leave Records'!$D:$D,Config!$E$8,'Leave Records'!$K:$K,"Pending"))) -> 0 | K14: =IF($B14="","",H14-I14) -> 5 | L14: =IF($B14="","",IFERROR(Config!$F$9,0)) -> 0 | M14: =IF($B14="","",IF(Config!$E$9="",0,SUMIFS('Leave Records'!$I:$I,'Leave Records'!$B:$B,$B14,'Leave Records'!$D:$D,Config!$E$9,'Leave Records'!$K:$K,"Approved"))) -> 0 | N14: =IF($B14="","",IF(Config!$E$9="",0,SUMIFS('Leave Records'!$I:$I,'Leave Records'!$B:$B,$B14,'Leave Records'!$D:$D,Config!$E$9,'Leave Records'!$K:$K,"Pending"))) -> 0 | O14: =IF($B14="","",L14-M14) -> 0 | P14: =IF($B14="","",IFERROR(Config!$F$10,0)) -> 0 | Q14: =IF($B14="","",IF(Config!$E$10="",0,SUMIFS('Leave Records'!$I:$I,'Leave Records'!$B:$B,$B14,'Leave Records'!$D:$D,Config!$E$10,'Leave Records'!$K:$K,"Approved"))) -> 0 | R14: =IF($B14="","",IF(Config!$E$10="",0,SUMIFS('Leave Records'!$I:$I,'Leave Records'!$B:$B,$B14,'Leave Records'!$D:$D,Config!$E$10,'Leave Records'!$K:$K,"Pending"))) -> 0 | S14: =IF($B14="","",P14-Q14) -> 0 | T14: =IF($B14="","",IFERROR(Config!$F$11,0)) -> 0 | U14: =IF($B14="","",IF(Config!$E$11="",0,SUMIFS('Leave Records'!$I:$I,'Leave Records'!$B:$B,$B14,'Leave Records'!$D:$D,Config!$E$11,'Leave Records'!$K:$K,"Approved"))) -> 0 | V14: =IF($B14="","",IF(Config!$E$11="",0,SUMIFS('Leave Records'!$I:$I,'Leave Records'!$B:$B,$B14,'Leave Records'!$D:$D,Config!$E$11,'Leave Records'!$K:$K,"Pending"))) -> 0 | W14: =IF($B14="","",T14-U14) -> 0 | X14: =IF($B14="","",E14+I14+M14+Q14+U14) -> 2
A15: =IF(B15="","",ROW()-4) -> 11 | B15: =IF(Config!$B$17="","",Config!$B$17) -> Jinat Farhana Chy | C15: =IF(Config!$B$17="","",Config!$C$17) -> Asst. Co-ord. (Pre-School) | D15: =IF($B15="","",IFERROR(Config!$F$7,0)) -> 10 | E15: =IF($B15="","",IF(Config!$E$7="",0,SUMIFS('Leave Records'!$I:$I,'Leave Records'!$B:$B,$B15,'Leave Records'!$D:$D,Config!$E$7,'Leave Records'!$K:$K,"Approved"))) -> 6 | F15: =IF($B15="","",IF(Config!$E$7="",0,SUMIFS('Leave Records'!$I:$I,'Leave Records'!$B:$B,$B15,'Leave Records'!$D:$D,Config!$E$7,'Leave Records'!$K:$K,"Pending"))) -> 0 | G15: =IF($B15="","",D15-E15) -> 4 | H15: =IF($B15="","",IFERROR(Config!$F$8,0)) -> 5 | I15: =IF($B15="","",IF(Config!$E$8="",0,SUMIFS('Leave Records'!$I:$I,'Leave Records'!$B:$B,$B15,'Leave Records'!$D:$D,Config!$E$8,'Leave Records'!$K:$K,"Approved"))) -> 0 | J15: =IF($B15="","",IF(Config!$E$8="",0,SUMIFS('Leave Records'!$I:$I,'Leave Records'!$B:$B,$B15,'Leave Records'!$D:$D,Config!$E$8,'Leave Records'!$K:$K,"Pending"))) -> 0 | K15: =IF($B15="","",H15-I15) -> 5 | L15: =IF($B15="","",IFERROR(Config!$F$9,0)) -> 0 | M15: =IF($B15="","",IF(Config!$E$9="",0,SUMIFS('Leave Records'!$I:$I,'Leave Records'!$B:$B,$B15,'Leave Records'!$D:$D,Config!$E$9,'Leave Records'!$K:$K,"Approved"))) -> 0 | N15: =IF($B15="","",IF(Config!$E$9="",0,SUMIFS('Leave Records'!$I:$I,'Leave Records'!$B:$B,$B15,'Leave Records'!$D:$D,Config!$E$9,'Leave Records'!$K:$K,"Pending"))) -> 0 | O15: =IF($B15="","",L15-M15) -> 0 | P15: =IF($B15="","",IFERROR(Config!$F$10,0)) -> 0 | Q15: =IF($B15="","",IF(Config!$E$10="",0,SUMIFS('Leave Records'!$I:$I,'Leave Records'!$B:$B,$B15,'Leave Records'!$D:$D,Config!$E$10,'Leave Records'!$K:$K,"Approved"))) -> 0 | R15: =IF($B15="","",IF(Config!$E$10="",0,SUMIFS('Leave Records'!$I:$I,'Leave Records'!$B:$B,$B15,'Leave Records'!$D:$D,Config!$E$10,'Leave Records'!$K:$K,"Pending"))) -> 0 | S15: =IF($B15="","",P15-Q15) -> 0 | T15: =IF($B15="","",IFERROR(Config!$F$11,0)) -> 0 | U15: =IF($B15="","",IF(Config!$E$11="",0,SUMIFS('Leave Records'!$I:$I,'Leave Records'!$B:$B,$B15,'Leave Records'!$D:$D,Config!$E$11,'Leave Records'!$K:$K,"Approved"))) -> 0 | V15: =IF($B15="","",IF(Config!$E$11="",0,SUMIFS('Leave Records'!$I:$I,'Leave Records'!$B:$B,$B15,'Leave Records'!$D:$D,Config!$E$11,'Leave Records'!$K:$K,"Pending"))) -> 0 | W15: =IF($B15="","",T15-U15) -> 0 | X15: =IF($B15="","",E15+I15+M15+Q15+U15) -> 6
A16: =IF(B16="","",ROW()-4) -> 12 | B16: =IF(Config!$B$18="","",Config!$B$18) -> Tabassuma Barat Chowdhury | C16: =IF(Config!$B$18="","",Config!$C$18) -> Primary Co-ordinator | D16: =IF($B16="","",IFERROR(Config!$F$7,0)) -> 10 | E16: =IF($B16="","",IF(Config!$E$7="",0,SUMIFS('Leave Records'!$I:$I,'Leave Records'!$B:$B,$B16,'Leave Records'!$D:$D,Config!$E$7,'Leave Records'!$K:$K,"Approved"))) -> 0 | F16: =IF($B16="","",IF(Config!$E$7="",0,SUMIFS('Leave Records'!$I:$I,'Leave Records'!$B:$B,$B16,'Leave Records'!$D:$D,Config!$E$7,'Leave Records'!$K:$K,"Pending"))) -> 0 | G16: =IF($B16="","",D16-E16) -> 10 | H16: =IF($B16="","",IFERROR(Config!$F$8,0)) -> 5 | I16: =IF($B16="","",IF(Config!$E$8="",0,SUMIFS('Leave Records'!$I:$I,'Leave Records'!$B:$B,$B16,'Leave Records'!$D:$D,Config!$E$8,'Leave Records'!$K:$K,"Approved"))) -> 1 | J16: =IF($B16="","",IF(Config!$E$8="",0,SUMIFS('Leave Records'!$I:$I,'Leave Records'!$B:$B,$B16,'Leave Records'!$D:$D,Config!$E$8,'Leave Records'!$K:$K,"Pending"))) -> 0 | K16: =IF($B16="","",H16-I16) -> 4 | L16: =IF($B16="","",IFERROR(Config!$F$9,0)) -> 0 | M16: =IF($B16="","",IF(Config!$E$9="",0,SUMIFS('Leave Records'!$I:$I,'Leave Records'!$B:$B,$B16,'Leave Records'!$D:$D,Config!$E$9,'Leave Records'!$K:$K,"Approved"))) -> 0 | N16: =IF($B16="","",IF(Config!$E$9="",0,SUMIFS('Leave Records'!$I:$I,'Leave Records'!$B:$B,$B16,'Leave Records'!$D:$D,Config!$E$9,'Leave Records'!$K:$K,"Pending"))) -> 0 | O16: =IF($B16="","",L16-M16) -> 0 | P16: =IF($B16="","",IFERROR(Config!$F$10,0)) -> 0 | Q16: =IF($B16="","",IF(Config!$E$10="",0,SUMIFS('Leave Records'!$I:$I,'Leave Records'!$B:$B,$B16,'Leave Records'!$D:$D,Config!$E$10,'Leave Records'!$K:$K,"Approved"))) -> 0 | R16: =IF($B16="","",IF(Config!$E$10="",0,SUMIFS('Leave Records'!$I:$I,'Leave Records'!$B:$B,$B16,'Leave Records'!$D:$D,Config!$E$10,'Leave Records'!$K:$K,"Pending"))) -> 0 | S16: =IF($B16="","",P16-Q16) -> 0 | T16: =IF($B16="","",IFERROR(Config!$F$11,0)) -> 0 | U16: =IF($B16="","",IF(Config!$E$11="",0,SUMIFS('Leave Records'!$I:$I,'Leave Records'!$B:$B,$B16,'Leave Records'!$D:$D,Config!$E$11,'Leave Records'!$K:$K,"Approved"))) -> 0 | V16: =IF($B16="","",IF(Config!$E$11="",0,SUMIFS('Leave Records'!$I:$I,'Leave Records'!$B:$B,$B16,'Leave Records'!$D:$D,Config!$E$11,'Leave Records'!$K:$K,"Pending"))) -> 0 | W16: =IF($B16="","",T16-U16) -> 0 | X16: =IF($B16="","",E16+I16+M16+Q16+U16) -> 1
A17: =IF(B17="","",ROW()-4) -> 13 | B17: =IF(Config!$B$19="","",Config!$B$19) -> Sumaya Rahman | C17: =IF(Config!$B$19="","",Config!$C$19) -> Asst. Co-ord. (Secondary) | D17: =IF($B17="","",IFERROR(Config!$F$7,0)) -> 10 | E17: =IF($B17="","",IF(Config!$E$7="",0,SUMIFS('Leave Records'!$I:$I,'Leave Records'!$B:$B,$B17,'Leave Records'!$D:$D,Config!$E$7,'Leave Records'!$K:$K,"Approved"))) -> 3 | F17: =IF($B17="","",IF(Config!$E$7="",0,SUMIFS('Leave Records'!$I:$I,'Leave Records'!$B:$B,$B17,'Leave Records'!$D:$D,Config!$E$7,'Leave Records'!$K:$K,"Pending"))) -> 0 | G17: =IF($B17="","",D17-E17) -> 7 | H17: =IF($B17="","",IFERROR(Config!$F$8,0)) -> 5 | I17: =IF($B17="","",IF(Config!$E$8="",0,SUMIFS('Leave Records'!$I:$I,'Leave Records'!$B:$B,$B17,'Leave Records'!$D:$D,Config!$E$8,'Leave Records'!$K:$K,"Approved"))) -> 0 | J17: =IF($B17="","",IF(Config!$E$8="",0,SUMIFS('Leave Records'!$I:$I,'Leave Records'!$B:$B,$B17,'Leave Records'!$D:$D,Config!$E$8,'Leave Records'!$K:$K,"Pending"))) -> 0 | K17: =IF($B17="","",H17-I17) -> 5 | L17: =IF($B17="","",IFERROR(Config!$F$9,0)) -> 0 | M17: =IF($B17="","",IF(Config!$E$9="",0,SUMIFS('Leave Records'!$I:$I,'Leave Records'!$B:$B,$B17,'Leave Records'!$D:$D,Config!$E$9,'Leave Records'!$K:$K,"Approved"))) -> 0 | N17: =IF($B17="","",IF(Config!$E$9="",0,SUMIFS('Leave Records'!$I:$I,'Leave Records'!$B:$B,$B17,'Leave Records'!$D:$D,Config!$E$9,'Leave Records'!$K:$K,"Pending"))) -> 0 | O17: =IF($B17="","",L17-M17) -> 0 | P17: =IF($B17="","",IFERROR(Config!$F$10,0)) -> 0 | Q17: =IF($B17="","",IF(Config!$E$10="",0,SUMIFS('Leave Records'!$I:$I,'Leave Records'!$B:$B,$B17,'Leave Records'!$D:$D,Config!$E$10,'Leave Records'!$K:$K,"Approved"))) -> 0 | R17: =IF($B17="","",IF(Config!$E$10="",0,SUMIFS('Leave Records'!$I:$I,'Leave Records'!$B:$B,$B17,'Leave Records'!$D:$D,Config!$E$10,'Leave Records'!$K:$K,"Pending"))) -> 0 | S17: =IF($B17="","",P17-Q17) -> 0 | T17: =IF($B17="","",IFERROR(Config!$F$11,0)) -> 0 | U17: =IF($B17="","",IF(Config!$E$11="",0,SUMIFS('Leave Records'!$I:$I,'Leave Records'!$B:$B,$B17,'Leave Records'!$D:$D,Config!$E$11,'Leave Records'!$K:$K,"Approved"))) -> 0 | V17: =IF($B17="","",IF(Config!$E$11="",0,SUMIFS('Leave Records'!$I:$I,'Leave Records'!$B:$B,$B17,'Leave Records'!$D:$D,Config!$E$11,'Leave Records'!$K:$K,"Pending"))) -> 0 | W17: =IF($B17="","",T17-U17) -> 0 | X17: =IF($B17="","",E17+I17+M17+Q17+U17) -> 3
A18: =IF(B18="","",ROW()-4) -> 14 | B18: =IF(Config!$B$20="","",Config!$B$20) -> Warda Siraj | C18: =IF(Config!$B$20="","",Config!$C$20) -> Head Of BC | D18: =IF($B18="","",IFERROR(Config!$F$7,0)) -> 10 | E18: =IF($B18="","",IF(Config!$E$7="",0,SUMIFS('Leave Records'!$I:$I,'Leave Records'!$B:$B,$B18,'Leave Records'!$D:$D,Config!$E$7,'Leave Records'!$K:$K,"Approved"))) -> 1 | F18: =IF($B18="","",IF(Config!$E$7="",0,SUMIFS('Leave Records'!$I:$I,'Leave Records'!$B:$B,$B18,'Leave Records'!$D:$D,Config!$E$7,'Leave Records'!$K:$K,"Pending"))) -> 0 | G18: =IF($B18="","",D18-E18) -> 9 | H18: =IF($B18="","",IFERROR(Config!$F$8,0)) -> 5 | I18: =IF($B18="","",IF(Config!$E$8="",0,SUMIFS('Leave Records'!$I:$I,'Leave Records'!$B:$B,$B18,'Leave Records'!$D:$D,Config!$E$8,'Leave Records'!$K:$K,"Approved"))) -> 1 | J18: =IF($B18="","",IF(Config!$E$8="",0,SUMIFS('Leave Records'!$I:$I,'Leave Records'!$B:$B,$B18,'Leave Records'!$D:$D,Config!$E$8,'Leave Records'!$K:$K,"Pending"))) -> 0 | K18: =IF($B18="","",H18-I18) -> 4 | L18: =IF($B18="","",IFERROR(Config!$F$9,0)) -> 0 | M18: =IF($B18="","",IF(Config!$E$9="",0,SUMIFS('Leave Records'!$I:$I,'Leave Records'!$B:$B,$B18,'Leave Records'!$D:$D,Config!$E$9,'Leave Records'!$K:$K,"Approved"))) -> 0 | N18: =IF($B18="","",IF(Config!$E$9="",0,SUMIFS('Leave Records'!$I:$I,'Leave Records'!$B:$B,$B18,'Leave Records'!$D:$D,Config!$E$9,'Leave Records'!$K:$K,"Pending"))) -> 0 | O18: =IF($B18="","",L18-M18) -> 0 | P18: =IF($B18="","",IFERROR(Config!$F$10,0)) -> 0 | Q18: =IF($B18="","",IF(Config!$E$10="",0,SUMIFS('Leave Records'!$I:$I,'Leave Records'!$B:$B,$B18,'Leave Records'!$D:$D,Config!$E$10,'Leave Records'!$K:$K,"Approved"))) -> 0 | R18: =IF($B18="","",IF(Config!$E$10="",0,SUMIFS('Leave Records'!$I:$I,'Leave Records'!$B:$B,$B18,'Leave Records'!$D:$D,Config!$E$10,'Leave Records'!$K:$K,"Pending"))) -> 0 | S18: =IF($B18="","",P18-Q18) -> 0 | T18: =IF($B18="","",IFERROR(Config!$F$11,0)) -> 0 | U18: =IF($B18="","",IF(Config!$E$11="",0,SUMIFS('Leave Records'!$I:$I,'Leave Records'!$B:$B,$B18,'Leave Records'!$D:$D,Config!$E$11,'Leave Records'!$K:$K,"Approved"))) -> 0 | V18: =IF($B18="","",IF(Config!$E$11="",0,SUMIFS('Leave Records'!$I:$I,'Leave Records'!$B:$B,$B18,'Leave Records'!$D:$D,Config!$E$11,'Leave Records'!$K:$K,"Pending"))) -> 0 | W18: =IF($B18="","",T18-U18) -> 0 | X18: =IF($B18="","",E18+I18+M18+Q18+U18) -> 2
A19: =IF(B19="","",ROW()-4) -> 15 | B19: =IF(Config!$B$21="","",Config!$B$21) -> Irfan Hossain | C19: =IF(Config!$B$21="","",Config!$C$21) | D19: =IF($B19="","",IFERROR(Config!$F$7,0)) -> 10 | E19: =IF($B19="","",IF(Config!$E$7="",0,SUMIFS('Leave Records'!$I:$I,'Leave Records'!$B:$B,$B19,'Leave Records'!$D:$D,Config!$E$7,'Leave Records'!$K:$K,"Approved"))) -> 4 | F19: =IF($B19="","",IF(Config!$E$7="",0,SUMIFS('Leave Records'!$I:$I,'Leave Records'!$B:$B,$B19,'Leave Records'!$D:$D,Config!$E$7,'Leave Records'!$K:$K,"Pending"))) -> 0 | G19: =IF($B19="","",D19-E19) -> 6 | H19: =IF($B19="","",IFERROR(Config!$F$8,0)) -> 5 | I19: =IF($B19="","",IF(Config!$E$8="",0,SUMIFS('Leave Records'!$I:$I,'Leave Records'!$B:$B,$B19,'Leave Records'!$D:$D,Config!$E$8,'Leave Records'!$K:$K,"Approved"))) -> 0 | J19: =IF($B19="","",IF(Config!$E$8="",0,SUMIFS('Leave Records'!$I:$I,'Leave Records'!$B:$B,$B19,'Leave Records'!$D:$D,Config!$E$8,'Leave Records'!$K:$K,"Pending"))) -> 0 | K19: =IF($B19="","",H19-I19) -> 5 | L19: =IF($B19="","",IFERROR(Config!$F$9,0)) -> 0 | M19: =IF($B19="","",IF(Config!$E$9="",0,SUMIFS('Leave Records'!$I:$I,'Leave Records'!$B:$B,$B19,'Leave Records'!$D:$D,Config!$E$9,'Leave Records'!$K:$K,"Approved"))) -> 0 | N19: =IF($B19="","",IF(Config!$E$9="",0,SUMIFS('Leave Records'!$I:$I,'Leave Records'!$B:$B,$B19,'Leave Records'!$D:$D,Config!$E$9,'Leave Records'!$K:$K,"Pending"))) -> 0 | O19: =IF($B19="","",L19-M19) -> 0 | P19: =IF($B19="","",IFERROR(Config!$F$10,0)) -> 0 | Q19: =IF($B19="","",IF(Config!$E$10="",0,SUMIFS('Leave Records'!$I:$I,'Leave Records'!$B:$B,$B19,'Leave Records'!$D:$D,Config!$E$10,'Leave Records'!$K:$K,"Approved"))) -> 0 | R19: =IF($B19="","",IF(Config!$E$10="",0,SUMIFS('Leave Records'!$I:$I,'Leave Records'!$B:$B,$B19,'Leave Records'!$D:$D,Config!$E$10,'Leave Records'!$K:$K,"Pending"))) -> 0 | S19: =IF($B19="","",P19-Q19) -> 0 | T19: =IF($B19="","",IFERROR(Config!$F$11,0)) -> 0 | U19: =IF($B19="","",IF(Config!$E$11="",0,SUMIFS('Leave Records'!$I:$I,'Leave Records'!$B:$B,$B19,'Leave Records'!$D:$D,Config!$E$11,'Leave Records'!$K:$K,"Approved"))) -> 0 | V19: =IF($B19="","",IF(Config!$E$11="",0,SUMIFS('Leave Records'!$I:$I,'Leave Records'!$B:$B,$B19,'Leave Records'!$D:$D,Config!$E$11,'Leave Records'!$K:$K,"Pending"))) -> 0 | W19: =IF($B19="","",T19-U19) -> 0 | X19: =IF($B19="","",E19+I19+M19+Q19+U19) -> 4
A20: =IF(B20="","",ROW()-4) -> 16 | B20: =IF(Config!$B$22="","",Config!$B$22) -> Mohoshina Shifa Buble | C20: =IF(Config!$B$22="","",Config!$C$22) -> Teacher's Assistant | D20: =IF($B20="","",IFERROR(Config!$F$7,0)) -> 10 | E20: =IF($B20="","",IF(Config!$E$7="",0,SUMIFS('Leave Records'!$I:$I,'Leave Records'!$B:$B,$B20,'Leave Records'!$D:$D,Config!$E$7,'Leave Records'!$K:$K,"Approved"))) -> 6 | F20: =IF($B20="","",IF(Config!$E$7="",0,SUMIFS('Leave Records'!$I:$I,'Leave Records'!$B:$B,$B20,'Leave Records'!$D:$D,Config!$E$7,'Leave Records'!$K:$K,"Pending"))) -> 0 | G20: =IF($B20="","",D20-E20) -> 4 | H20: =IF($B20="","",IFERROR(Config!$F$8,0)) -> 5 | I20: =IF($B20="","",IF(Config!$E$8="",0,SUMIFS('Leave Records'!$I:$I,'Leave Records'!$B:$B,$B20,'Leave Records'!$D:$D,Config!$E$8,'Leave Records'!$K:$K,"Approved"))) -> 0 | J20: =IF($B20="","",IF(Config!$E$8="",0,SUMIFS('Leave Records'!$I:$I,'Leave Records'!$B:$B,$B20,'Leave Records'!$D:$D,Config!$E$8,'Leave Records'!$K:$K,"Pending"))) -> 0 | K20: =IF($B20="","",H20-I20) -> 5 | L20: =IF($B20="","",IFERROR(Config!$F$9,0)) -> 0 | M20: =IF($B20="","",IF(Config!$E$9="",0,SUMIFS('Leave Records'!$I:$I,'Leave Records'!$B:$B,$B20,'Leave Records'!$D:$D,Config!$E$9,'Leave Records'!$K:$K,"Approved"))) -> 0 | N20: =IF($B20="","",IF(Config!$E$9="",0,SUMIFS('Leave Records'!$I:$I,'Leave Records'!$B:$B,$B20,'Leave Records'!$D:$D,Config!$E$9,'Leave Records'!$K:$K,"Pending"))) -> 0 | O20: =IF($B20="","",L20-M20) -> 0 | P20: =IF($B20="","",IFERROR(Config!$F$10,0)) -> 0 | Q20: =IF($B20="","",IF(Config!$E$10="",0,SUMIFS('Leave Records'!$I:$I,'Leave Records'!$B:$B,$B20,'Leave Records'!$D:$D,Config!$E$10,'Leave Records'!$K:$K,"Approved"))) -> 0 | R20: =IF($B20="","",IF(Config!$E$10="",0,SUMIFS('Leave Records'!$I:$I,'Leave Records'!$B:$B,$B20,'Leave Records'!$D:$D,Config!$E$10,'Leave Records'!$K:$K,"Pending"))) -> 0 | S20: =IF($B20="","",P20-Q20) -> 0 | T20: =IF($B20="","",IFERROR(Config!$F$11,0)) -> 0 | U20: =IF($B20="","",IF(Config!$E$11="",0,SUMIFS('Leave Records'!$I:$I,'Leave Records'!$B:$B,$B20,'Leave Records'!$D:$D,Config!$E$11,'Leave Records'!$K:$K,"Approved"))) -> 0 | V20: =IF($B20="","",IF(Config!$E$11="",0,SUMIFS('Leave Records'!$I:$I,'Leave Records'!$B:$B,$B20,'Leave Records'!$D:$D,Config!$E$11,'Leave Records'!$K:$K,"Pending"))) -> 0 | W20: =IF($B20="","",T20-U20) -> 0 | X20: =IF($B20="","",E20+I20+M20+Q20+U20) -> 6
A21: =IF(B21="","",ROW()-4) -> 17 | B21: =IF(Config!$B$23="","",Config!$B$23) -> Sadia Akter Lubna | C21: =IF(Config!$B$23="","",Config!$C$23) -> Teacher's Assistant | D21: =IF($B21="","",IFERROR(Config!$F$7,0)) -> 10 | E21: =IF($B21="","",IF(Config!$E$7="",0,SUMIFS('Leave Records'!$I:$I,'Leave Records'!$B:$B,$B21,'Leave Records'!$D:$D,Config!$E$7,'Leave Records'!$K:$K,"Approved"))) -> 4 | F21: =IF($B21="","",IF(Config!$E$7="",0,SUMIFS('Leave Records'!$I:$I,'Leave Records'!$B:$B,$B21,'Leave Records'!$D:$D,Config!$E$7,'Leave Records'!$K:$K,"Pending"))) -> 0 | G21: =IF($B21="","",D21-E21) -> 6 | H21: =IF($B21="","",IFERROR(Config!$F$8,0)) -> 5 | I21: =IF($B21="","",IF(Config!$E$8="",0,SUMIFS('Leave Records'!$I:$I,'Leave Records'!$B:$B,$B21,'Leave Records'!$D:$D,Config!$E$8,'Leave Records'!$K:$K,"Approved"))) -> 0 | J21: =IF($B21="","",IF(Config!$E$8="",0,SUMIFS('Leave Records'!$I:$I,'Leave Records'!$B:$B,$B21,'Leave Records'!$D:$D,Config!$E$8,'Leave Records'!$K:$K,"Pending"))) -> 0 | K21: =IF($B21="","",H21-I21) -> 5 | L21: =IF($B21="","",IFERROR(Config!$F$9,0)) -> 0 | M21: =IF($B21="","",IF(Config!$E$9="",0,SUMIFS('Leave Records'!$I:$I,'Leave Records'!$B:$B,$B21,'Leave Records'!$D:$D,Config!$E$9,'Leave Records'!$K:$K,"Approved"))) -> 0 | N21: =IF($B21="","",IF(Config!$E$9="",0,SUMIFS('Leave Records'!$I:$I,'Leave Records'!$B:$B,$B21,'Leave Records'!$D:$D,Config!$E$9,'Leave Records'!$K:$K,"Pending"))) -> 0 | O21: =IF($B21="","",L21-M21) -> 0 | P21: =IF($B21="","",IFERROR(Config!$F$10,0)) -> 0 | Q21: =IF($B21="","",IF(Config!$E$10="",0,SUMIFS('Leave Records'!$I:$I,'Leave Records'!$B:$B,$B21,'Leave Records'!$D:$D,Config!$E$10,'Leave Records'!$K:$K,"Approved"))) -> 0 | R21: =IF($B21="","",IF(Config!$E$10="",0,SUMIFS('Leave Records'!$I:$I,'Leave Records'!$B:$B,$B21,'Leave Records'!$D:$D,Config!$E$10,'Leave Records'!$K:$K,"Pending"))) -> 0 | S21: =IF($B21="","",P21-Q21) -> 0 | T21: =IF($B21="","",IFERROR(Config!$F$11,0)) -> 0 | U21: =IF($B21="","",IF(Config!$E$11="",0,SUMIFS('Leave Records'!$I:$I,'Leave Records'!$B:$B,$B21,'Leave Records'!$D:$D,Config!$E$11,'Leave Records'!$K:$K,"Approved"))) -> 0 | V21: =IF($B21="","",IF(Config!$E$11="",0,SUMIFS('Leave Records'!$I:$I,'Leave Records'!$B:$B,$B21,'Leave Records'!$D:$D,Config!$E$11,'Leave Records'!$K:$K,"Pending"))) -> 0 | W21: =IF($B21="","",T21-U21) -> 0 | X21: =IF($B21="","",E21+I21+M21+Q21+U21) -> 4
A22: =IF(B22="","",ROW()-4) -> 18 | B22: =IF(Config!$B$24="","",Config!$B$24) -> Taslima Akter | C22: =IF(Config!$B$24="","",Config!$C$24) -> Subject Teacher (IC) | D22: =IF($B22="","",IFERROR(Config!$F$7,0)) -> 10 | E22: =IF($B22="","",IF(Config!$E$7="",0,SUMIFS('Leave Records'!$I:$I,'Leave Records'!$B:$B,$B22,'Leave Records'!$D:$D,Config!$E$7,'Leave Records'!$K:$K,"Approved"))) -> 7 | F22: =IF($B22="","",IF(Config!$E$7="",0,SUMIFS('Leave Records'!$I:$I,'Leave Records'!$B:$B,$B22,'Leave Records'!$D:$D,Config!$E$7,'Leave Records'!$K:$K,"Pending"))) -> 0 | G22: =IF($B22="","",D22-E22) -> 3 | H22: =IF($B22="","",IFERROR(Config!$F$8,0)) -> 5 | I22: =IF($B22="","",IF(Config!$E$8="",0,SUMIFS('Leave Records'!$I:$I,'Leave Records'!$B:$B,$B22,'Leave Records'!$D:$D,Config!$E$8,'Leave Records'!$K:$K,"Approved"))) -> 0 | J22: =IF($B22="","",IF(Config!$E$8="",0,SUMIFS('Leave Records'!$I:$I,'Leave Records'!$B:$B,$B22,'Leave Records'!$D:$D,Config!$E$8,'Leave Records'!$K:$K,"Pending"))) -> 0 | K22: =IF($B22="","",H22-I22) -> 5 | L22: =IF($B22="","",IFERROR(Config!$F$9,0)) -> 0 | M22: =IF($B22="","",IF(Config!$E$9="",0,SUMIFS('Leave Records'!$I:$I,'Leave Records'!$B:$B,$B22,'Leave Records'!$D:$D,Config!$E$9,'Leave Records'!$K:$K,"Approved"))) -> 0 | N22: =IF($B22="","",IF(Config!$E$9="",0,SUMIFS('Leave Records'!$I:$I,'Leave Records'!$B:$B,$B22,'Leave Records'!$D:$D,Config!$E$9,'Leave Records'!$K:$K,"Pending"))) -> 0 | O22: =IF($B22="","",L22-M22) -> 0 | P22: =IF($B22="","",IFERROR(Config!$F$10,0)) -> 0 | Q22: =IF($B22="","",IF(Config!$E$10="",0,SUMIFS('Leave Records'!$I:$I,'Leave Records'!$B:$B,$B22,'Leave Records'!$D:$D,Config!$E$10,'Leave Records'!$K:$K,"Approved"))) -> 0 | R22: =IF($B22="","",IF(Config!$E$10="",0,SUMIFS('Leave Records'!$I:$I,'Leave Records'!$B:$B,$B22,'Leave Records'!$D:$D,Config!$E$10,'Leave Records'!$K:$K,"Pending"))) -> 0 | S22: =IF($B22="","",P22-Q22) -> 0 | T22: =IF($B22="","",IFERROR(Config!$F$11,0)) -> 0 | U22: =IF($B22="","",IF(Config!$E$11="",0,SUMIFS('Leave Records'!$I:$I,'Leave Records'!$B:$B,$B22,'Leave Records'!$D:$D,Config!$E$11,'Leave Records'!$K:$K,"Approved"))) -> 0 | V22: =IF($B22="","",IF(Config!$E$11="",0,SUMIFS('Leave Records'!$I:$I,'Leave Records'!$B:$B,$B22,'Leave Records'!$D:$D,Config!$E$11,'Leave Records'!$K:$K,"Pending"))) -> 0 | W22: =IF($B22="","",T22-U22) -> 0 | X22: =IF($B22="","",E22+I22+M22+Q22+U22) -> 7
A23: =IF(B23="","",ROW()-4) -> 19 | B23: =IF(Config!$B$25="","",Config!$B$25) -> Samiya Hashem | C23: =IF(Config!$B$25="","",Config!$C$25) -> Teacher's Assistant | D23: =IF($B23="","",IFERROR(Config!$F$7,0)) -> 10 | E23: =IF($B23="","",IF(Config!$E$7="",0,SUMIFS('Leave Records'!$I:$I,'Leave Records'!$B:$B,$B23,'Leave Records'!$D:$D,Config!$E$7,'Leave Records'!$K:$K,"Approved"))) -> 1 | F23: =IF($B23="","",IF(Config!$E$7="",0,SUMIFS('Leave Records'!$I:$I,'Leave Records'!$B:$B,$B23,'Leave Records'!$D:$D,Config!$E$7,'Leave Records'!$K:$K,"Pending"))) -> 0 | G23: =IF($B23="","",D23-E23) -> 9 | H23: =IF($B23="","",IFERROR(Config!$F$8,0)) -> 5 | I23: =IF($B23="","",IF(Config!$E$8="",0,SUMIFS('Leave Records'!$I:$I,'Leave Records'!$B:$B,$B23,'Leave Records'!$D:$D,Config!$E$8,'Leave Records'!$K:$K,"Approved"))) -> 0 | J23: =IF($B23="","",IF(Config!$E$8="",0,SUMIFS('Leave Records'!$I:$I,'Leave Records'!$B:$B,$B23,'Leave Records'!$D:$D,Config!$E$8,'Leave Records'!$K:$K,"Pending"))) -> 0 | K23: =IF($B23="","",H23-I23) -> 5 | L23: =IF($B23="","",IFERROR(Config!$F$9,0)) -> 0 | M23: =IF($B23="","",IF(Config!$E$9="",0,SUMIFS('Leave Records'!$I:$I,'Leave Records'!$B:$B,$B23,'Leave Records'!$D:$D,Config!$E$9,'Leave Records'!$K:$K,"Approved"))) -> 0 | N23: =IF($B23="","",IF(Config!$E$9="",0,SUMIFS('Leave Records'!$I:$I,'Leave Records'!$B:$B,$B23,'Leave Records'!$D:$D,Config!$E$9,'Leave Records'!$K:$K,"Pending"))) -> 0 | O23: =IF($B23="","",L23-M23) -> 0 | P23: =IF($B23="","",IFERROR(Config!$F$10,0)) -> 0 | Q23: =IF($B23="","",IF(Config!$E$10="",0,SUMIFS('Leave Records'!$I:$I,'Leave Records'!$B:$B,$B23,'Leave Records'!$D:$D,Config!$E$10,'Leave Records'!$K:$K,"Approved"))) -> 0 | R23: =IF($B23="","",IF(Config!$E$10="",0,SUMIFS('Leave Records'!$I:$I,'Leave Records'!$B:$B,$B23,'Leave Records'!$D:$D,Config!$E$10,'Leave Records'!$K:$K,"Pending"))) -> 0 | S23: =IF($B23="","",P23-Q23) -> 0 | T23: =IF($B23="","",IFERROR(Config!$F$11,0)) -> 0 | U23: =IF($B23="","",IF(Config!$E$11="",0,SUMIFS('Leave Records'!$I:$I,'Leave Records'!$B:$B,$B23,'Leave Records'!$D:$D,Config!$E$11,'Leave Records'!$K:$K,"Approved"))) -> 0 | V23: =IF($B23="","",IF(Config!$E$11="",0,SUMIFS('Leave Records'!$I:$I,'Leave Records'!$B:$B,$B23,'Leave Records'!$D:$D,Config!$E$11,'Leave Records'!$K:$K,"Pending"))) -> 0 | W23: =IF($B23="","",T23-U23) -> 0 | X23: =IF($B23="","",E23+I23+M23+Q23+U23) -> 1
A24: =IF(B24="","",ROW()-4) -> 20 | B24: =IF(Config!$B$26="","",Config!$B$26) -> Humaira Tasnim | C24: =IF(Config!$B$26="","",Config!$C$26) | D24: =IF($B24="","",IFERROR(Config!$F$7,0)) -> 10 | E24: =IF($B24="","",IF(Config!$E$7="",0,SUMIFS('Leave Records'!$I:$I,'Leave Records'!$B:$B,$B24,'Leave Records'!$D:$D,Config!$E$7,'Leave Records'!$K:$K,"Approved"))) -> 7 | F24: =IF($B24="","",IF(Config!$E$7="",0,SUMIFS('Leave Records'!$I:$I,'Leave Records'!$B:$B,$B24,'Leave Records'!$D:$D,Config!$E$7,'Leave Records'!$K:$K,"Pending"))) -> 0 | G24: =IF($B24="","",D24-E24) -> 3 | H24: =IF($B24="","",IFERROR(Config!$F$8,0)) -> 5 | I24: =IF($B24="","",IF(Config!$E$8="",0,SUMIFS('Leave Records'!$I:$I,'Leave Records'!$B:$B,$B24,'Leave Records'!$D:$D,Config!$E$8,'Leave Records'!$K:$K,"Approved"))) -> 0 | J24: =IF($B24="","",IF(Config!$E$8="",0,SUMIFS('Leave Records'!$I:$I,'Leave Records'!$B:$B,$B24,'Leave Records'!$D:$D,Config!$E$8,'Leave Records'!$K:$K,"Pending"))) -> 0 | K24: =IF($B24="","",H24-I24) -> 5 | L24: =IF($B24="","",IFERROR(Config!$F$9,0)) -> 0 | M24: =IF($B24="","",IF(Config!$E$9="",0,SUMIFS('Leave Records'!$I:$I,'Leave Records'!$B:$B,$B24,'Leave Records'!$D:$D,Config!$E$9,'Leave Records'!$K:$K,"Approved"))) -> 0 | N24: =IF($B24="","",IF(Config!$E$9="",0,SUMIFS('Leave Records'!$I:$I,'Leave Records'!$B:$B,$B24,'Leave Records'!$D:$D,Config!$E$9,'Leave Records'!$K:$K,"Pending"))) -> 0 | O24: =IF($B24="","",L24-M24) -> 0 | P24: =IF($B24="","",IFERROR(Config!$F$10,0)) -> 0 | Q24: =IF($B24="","",IF(Config!$E$10="",0,SUMIFS('Leave Records'!$I:$I,'Leave Records'!$B:$B,$B24,'Leave Records'!$D:$D,Config!$E$10,'Leave Records'!$K:$K,"Approved"))) -> 0 | R24: =IF($B24="","",IF(Config!$E$10="",0,SUMIFS('Leave Records'!$I:$I,'Leave Records'!$B:$B,$B24,'Leave Records'!$D:$D,Config!$E$10,'Leave Records'!$K:$K,"Pending"))) -> 0 | S24: =IF($B24="","",P24-Q24) -> 0 | T24: =IF($B24="","",IFERROR(Config!$F$11,0)) -> 0 | U24: =IF($B24="","",IF(Config!$E$11="",0,SUMIFS('Leave Records'!$I:$I,'Leave Records'!$B:$B,$B24,'Leave Records'!$D:$D,Config!$E$11,'Leave Records'!$K:$K,"Approved"))) -> 0 | V24: =IF($B24="","",IF(Config!$E$11="",0,SUMIFS('Leave Records'!$I:$I,'Leave Records'!$B:$B,$B24,'Leave Records'!$D:$D,Config!$E$11,'Leave Records'!$K:$K,"Pending"))) -> 0 | W24: =IF($B24="","",T24-U24) -> 0 | X24: =IF($B24="","",E24+I24+M24+Q24+U24) -> 7
A25: =IF(B25="","",ROW()-4) -> 21 | B25: =IF(Config!$B$27="","",Config!$B$27) -> Aziza Sultana | C25: =IF(Config!$B$27="","",Config!$C$27) -> Teacher's Assistant | D25: =IF($B25="","",IFERROR(Config!$F$7,0)) -> 10 | E25: =IF($B25="","",IF(Config!$E$7="",0,SUMIFS('Leave Records'!$I:$I,'Leave Records'!$B:$B,$B25,'Leave Records'!$D:$D,Config!$E$7,'Leave Records'!$K:$K,"Approved"))) -> 2 | F25: =IF($B25="","",IF(Config!$E$7="",0,SUMIFS('Leave Records'!$I:$I,'Leave Records'!$B:$B,$B25,'Leave Records'!$D:$D,Config!$E$7,'Leave Records'!$K:$K,"Pending"))) -> 0 | G25: =IF($B25="","",D25-E25) -> 8 | H25: =IF($B25="","",IFERROR(Config!$F$8,0)) -> 5 | I25: =IF($B25="","",IF(Config!$E$8="",0,SUMIFS('Leave Records'!$I:$I,'Leave Records'!$B:$B,$B25,'Leave Records'!$D:$D,Config!$E$8,'Leave Records'!$K:$K,"Approved"))) -> 1 | J25: =IF($B25="","",IF(Config!$E$8="",0,SUMIFS('Leave Records'!$I:$I,'Leave Records'!$B:$B,$B25,'Leave Records'!$D:$D,Config!$E$8,'Leave Records'!$K:$K,"Pending"))) -> 0 | K25: =IF($B25="","",H25-I25) -> 4 | L25: =IF($B25="","",IFERROR(Config!$F$9,0)) -> 0 | M25: =IF($B25="","",IF(Config!$E$9="",0,SUMIFS('Leave Records'!$I:$I,'Leave Records'!$B:$B,$B25,'Leave Records'!$D:$D,Config!$E$9,'Leave Records'!$K:$K,"Approved"))) -> 0 | N25: =IF($B25="","",IF(Config!$E$9="",0,SUMIFS('Leave Records'!$I:$I,'Leave Records'!$B:$B,$B25,'Leave Records'!$D:$D,Config!$E$9,'Leave Records'!$K:$K,"Pending"))) -> 0 | O25: =IF($B25="","",L25-M25) -> 0 | P25: =IF($B25="","",IFERROR(Config!$F$10,0)) -> 0 | Q25: =IF($B25="","",IF(Config!$E$10="",0,SUMIFS('Leave Records'!$I:$I,'Leave Records'!$B:$B,$B25,'Leave Records'!$D:$D,Config!$E$10,'Leave Records'!$K:$K,"Approved"))) -> 0 | R25: =IF($B25="","",IF(Config!$E$10="",0,SUMIFS('Leave Records'!$I:$I,'Leave Records'!$B:$B,$B25,'Leave Records'!$D:$D,Config!$E$10,'Leave Records'!$K:$K,"Pending"))) -> 0 | S25: =IF($B25="","",P25-Q25) -> 0 | T25: =IF($B25="","",IFERROR(Config!$F$11,0)) -> 0 | U25: =IF($B25="","",IF(Config!$E$11="",0,SUMIFS('Leave Records'!$I:$I,'Leave Records'!$B:$B,$B25,'Leave Records'!$D:$D,Config!$E$11,'Leave Records'!$K:$K,"Approved"))) -> 0 | V25: =IF($B25="","",IF(Config!$E$11="",0,SUMIFS('Leave Records'!$I:$I,'Leave Records'!$B:$B,$B25,'Leave Records'!$D:$D,Config!$E$11,'Leave Records'!$K:$K,"Pending"))) -> 0 | W25: =IF($B25="","",T25-U25) -> 0 | X25: =IF($B25="","",E25+I25+M25+Q25+U25) -> 3
A26: =IF(B26="","",ROW()-4) -> 22 | B26: =IF(Config!$B$28="","",Config!$B$28) -> Farhana Yesmin | C26: =IF(Config!$B$28="","",Config!$C$28) | D26: =IF($B26="","",IFERROR(Config!$F$7,0)) -> 10 | E26: =IF($B26="","",IF(Config!$E$7="",0,SUMIFS('Leave Records'!$I:$I,'Leave Records'!$B:$B,$B26,'Leave Records'!$D:$D,Config!$E$7,'Leave Records'!$K:$K,"Approved"))) -> 2 | F26: =IF($B26="","",IF(Config!$E$7="",0,SUMIFS('Leave Records'!$I:$I,'Leave Records'!$B:$B,$B26,'Leave Records'!$D:$D,Config!$E$7,'Leave Records'!$K:$K,"Pending"))) -> 0 | G26: =IF($B26="","",D26-E26) -> 8 | H26: =IF($B26="","",IFERROR(Config!$F$8,0)) -> 5 | I26: =IF($B26="","",IF(Config!$E$8="",0,SUMIFS('Leave Records'!$I:$I,'Leave Records'!$B:$B,$B26,'Leave Records'!$D:$D,Config!$E$8,'Leave Records'!$K:$K,"Approved"))) -> 0 | J26: =IF($B26="","",IF(Config!$E$8="",0,SUMIFS('Leave Records'!$I:$I,'Leave Records'!$B:$B,$B26,'Leave Records'!$D:$D,Config!$E$8,'Leave Records'!$K:$K,"Pending"))) -> 0 | K26: =IF($B26="","",H26-I26) -> 5 | L26: =IF($B26="","",IFERROR(Config!$F$9,0)) -> 0 | M26: =IF($B26="","",IF(Config!$E$9="",0,SUMIFS('Leave Records'!$I:$I,'Leave Records'!$B:$B,$B26,'Leave Records'!$D:$D,Config!$E$9,'Leave Records'!$K:$K,"Approved"))) -> 0 | N26: =IF($B26="","",IF(Config!$E$9="",0,SUMIFS('Leave Records'!$I:$I,'Leave Records'!$B:$B,$B26,'Leave Records'!$D:$D,Config!$E$9,'Leave Records'!$K:$K,"Pending"))) -> 0 | O26: =IF($B26="","",L26-M26) -> 0 | P26: =IF($B26="","",IFERROR(Config!$F$10,0)) -> 0 | Q26: =IF($B26="","",IF(Config!$E$10="",0,SUMIFS('Leave Records'!$I:$I,'Leave Records'!$B:$B,$B26,'Leave Records'!$D:$D,Config!$E$10,'Leave Records'!$K:$K,"Approved"))) -> 0 | R26: =IF($B26="","",IF(Config!$E$10="",0,SUMIFS('Leave Records'!$I:$I,'Leave Records'!$B:$B,$B26,'Leave Records'!$D:$D,Config!$E$10,'Leave Records'!$K:$K,"Pending"))) -> 0 | S26: =IF($B26="","",P26-Q26) -> 0 | T26: =IF($B26="","",IFERROR(Config!$F$11,0)) -> 0 | U26: =IF($B26="","",IF(Config!$E$11="",0,SUMIFS('Leave Records'!$I:$I,'Leave Records'!$B:$B,$B26,'Leave Records'!$D:$D,Config!$E$11,'Leave Records'!$K:$K,"Approved"))) -> 0 | V26: =IF($B26="","",IF(Config!$E$11="",0,SUMIFS('Leave Records'!$I:$I,'Leave Records'!$B:$B,$B26,'Leave Records'!$D:$D,Config!$E$11,'Leave Records'!$K:$K,"Pending"))) -> 0 | W26: =IF($B26="","",T26-U26) -> 0 | X26: =IF($B26="","",E26+I26+M26+Q26+U26) -> 2
A27: =IF(B27="","",ROW()-4) -> 23 | B27: =IF(Config!$B$29="","",Config!$B$29) -> Kamrun Nahar | C27: =IF(Config!$B$29="","",Config!$C$29) -> Class Teacher | D27: =IF($B27="","",IFERROR(Config!$F$7,0)) -> 10 | E27: =IF($B27="","",IF(Config!$E$7="",0,SUMIFS('Leave Records'!$I:$I,'Leave Records'!$B:$B,$B27,'Leave Records'!$D:$D,Config!$E$7,'Leave Records'!$K:$K,"Approved"))) -> 11 | F27: =IF($B27="","",IF(Config!$E$7="",0,SUMIFS('Leave Records'!$I:$I,'Leave Records'!$B:$B,$B27,'Leave Records'!$D:$D,Config!$E$7,'Leave Records'!$K:$K,"Pending"))) -> 0 | G27: =IF($B27="","",D27-E27) -> -1 | H27: =IF($B27="","",IFERROR(Config!$F$8,0)) -> 5 | I27: =IF($B27="","",IF(Config!$E$8="",0,SUMIFS('Leave Records'!$I:$I,'Leave Records'!$B:$B,$B27,'Leave Records'!$D:$D,Config!$E$8,'Leave Records'!$K:$K,"Approved"))) -> 0 | J27: =IF($B27="","",IF(Config!$E$8="",0,SUMIFS('Leave Records'!$I:$I,'Leave Records'!$B:$B,$B27,'Leave Records'!$D:$D,Config!$E$8,'Leave Records'!$K:$K,"Pending"))) -> 0 | K27: =IF($B27="","",H27-I27) -> 5 | L27: =IF($B27="","",IFERROR(Config!$F$9,0)) -> 0 | M27: =IF($B27="","",IF(Config!$E$9="",0,SUMIFS('Leave Records'!$I:$I,'Leave Records'!$B:$B,$B27,'Leave Records'!$D:$D,Config!$E$9,'Leave Records'!$K:$K,"Approved"))) -> 0 | N27: =IF($B27="","",IF(Config!$E$9="",0,SUMIFS('Leave Records'!$I:$I,'Leave Records'!$B:$B,$B27,'Leave Records'!$D:$D,Config!$E$9,'Leave Records'!$K:$K,"Pending"))) -> 0 | O27: =IF($B27="","",L27-M27) -> 0 | P27: =IF($B27="","",IFERROR(Config!$F$10,0)) -> 0 | Q27: =IF($B27="","",IF(Config!$E$10="",0,SUMIFS('Leave Records'!$I:$I,'Leave Records'!$B:$B,$B27,'Leave Records'!$D:$D,Config!$E$10,'Leave Records'!$K:$K,"Approved"))) -> 0 | R27: =IF($B27="","",IF(Config!$E$10="",0,SUMIFS('Leave Records'!$I:$I,'Leave Records'!$B:$B,$B27,'Leave Records'!$D:$D,Config!$E$10,'Leave Records'!$K:$K,"Pending"))) -> 0 | S27: =IF($B27="","",P27-Q27) -> 0 | T27: =IF($B27="","",IFERROR(Config!$F$11,0)) -> 0 | U27: =IF($B27="","",IF(Config!$E$11="",0,SUMIFS('Leave Records'!$I:$I,'Leave Records'!$B:$B,$B27,'Leave Records'!$D:$D,Config!$E$11,'Leave Records'!$K:$K,"Approved"))) -> 0 | V27: =IF($B27="","",IF(Config!$E$11="",0,SUMIFS('Leave Records'!$I:$I,'Leave Records'!$B:$B,$B27,'Leave Records'!$D:$D,Config!$E$11,'Leave Records'!$K:$K,"Pending"))) -> 0 | W27: =IF($B27="","",T27-U27) -> 0 | X27: =IF($B27="","",E27+I27+M27+Q27+U27) -> 11
A28: =IF(B28="","",ROW()-4) -> 24 | B28: =IF(Config!$B$30="","",Config!$B$30) -> Tashmem Al Faed | C28: =IF(Config!$B$30="","",Config!$C$30) -> Subject Teacher | D28: =IF($B28="","",IFERROR(Config!$F$7,0)) -> 10 | E28: =IF($B28="","",IF(Config!$E$7="",0,SUMIFS('Leave Records'!$I:$I,'Leave Records'!$B:$B,$B28,'Leave Records'!$D:$D,Config!$E$7,'Leave Records'!$K:$K,"Approved"))) -> 1 | F28: =IF($B28="","",IF(Config!$E$7="",0,SUMIFS('Leave Records'!$I:$I,'Leave Records'!$B:$B,$B28,'Leave Records'!$D:$D,Config!$E$7,'Leave Records'!$K:$K,"Pending"))) -> 0 | G28: =IF($B28="","",D28-E28) -> 9 | H28: =IF($B28="","",IFERROR(Config!$F$8,0)) -> 5 | I28: =IF($B28="","",IF(Config!$E$8="",0,SUMIFS('Leave Records'!$I:$I,'Leave Records'!$B:$B,$B28,'Leave Records'!$D:$D,Config!$E$8,'Leave Records'!$K:$K,"Approved"))) -> 0 | J28: =IF($B28="","",IF(Config!$E$8="",0,SUMIFS('Leave Records'!$I:$I,'Leave Records'!$B:$B,$B28,'Leave Records'!$D:$D,Config!$E$8,'Leave Records'!$K:$K,"Pending"))) -> 0 | K28: =IF($B28="","",H28-I28) -> 5 | L28: =IF($B28="","",IFERROR(Config!$F$9,0)) -> 0 | M28: =IF($B28="","",IF(Config!$E$9="",0,SUMIFS('Leave Records'!$I:$I,'Leave Records'!$B:$B,$B28,'Leave Records'!$D:$D,Config!$E$9,'Leave Records'!$K:$K,"Approved"))) -> 0 | N28: =IF($B28="","",IF(Config!$E$9="",0,SUMIFS('Leave Records'!$I:$I,'Leave Records'!$B:$B,$B28,'Leave Records'!$D:$D,Config!$E$9,'Leave Records'!$K:$K,"Pending"))) -> 0 | O28: =IF($B28="","",L28-M28) -> 0 | P28: =IF($B28="","",IFERROR(Config!$F$10,0)) -> 0 | Q28: =IF($B28="","",IF(Config!$E$10="",0,SUMIFS('Leave Records'!$I:$I,'Leave Records'!$B:$B,$B28,'Leave Records'!$D:$D,Config!$E$10,'Leave Records'!$K:$K,"Approved"))) -> 0 | R28: =IF($B28="","",IF(Config!$E$10="",0,SUMIFS('Leave Records'!$I:$I,'Leave Records'!$B:$B,$B28,'Leave Records'!$D:$D,Config!$E$10,'Leave Records'!$K:$K,"Pending"))) -> 0 | S28: =IF($B28="","",P28-Q28) -> 0 | T28: =IF($B28="","",IFERROR(Config!$F$11,0)) -> 0 | U28: =IF($B28="","",IF(Config!$E$11="",0,SUMIFS('Leave Records'!$I:$I,'Leave Records'!$B:$B,$B28,'Leave Records'!$D:$D,Config!$E$11,'Leave Records'!$K:$K,"Approved"))) -> 0 | V28: =IF($B28="","",IF(Config!$E$11="",0,SUMIFS('Leave Records'!$I:$I,'Leave Records'!$B:$B,$B28,'Leave Records'!$D:$D,Config!$E$11,'Leave Records'!$K:$K,"Pending"))) -> 0 | W28: =IF($B28="","",T28-U28) -> 0 | X28: =IF($B28="","",E28+I28+M28+Q28+U28) -> 1
A29: =IF(B29="","",ROW()-4) -> 25 | B29: =IF(Config!$B$31="","",Config!$B$31) -> Md Murad Hoshen | C29: =IF(Config!$B$31="","",Config!$C$31) -> IC Co-ordinator | D29: =IF($B29="","",IFERROR(Config!$F$7,0)) -> 10 | E29: =IF($B29="","",IF(Config!$E$7="",0,SUMIFS('Leave Records'!$I:$I,'Leave Records'!$B:$B,$B29,'Leave Records'!$D:$D,Config!$E$7,'Leave Records'!$K:$K,"Approved"))) -> 2 | F29: =IF($B29="","",IF(Config!$E$7="",0,SUMIFS('Leave Records'!$I:$I,'Leave Records'!$B:$B,$B29,'Leave Records'!$D:$D,Config!$E$7,'Leave Records'!$K:$K,"Pending"))) -> 0 | G29: =IF($B29="","",D29-E29) -> 8 | H29: =IF($B29="","",IFERROR(Config!$F$8,0)) -> 5 | I29: =IF($B29="","",IF(Config!$E$8="",0,SUMIFS('Leave Records'!$I:$I,'Leave Records'!$B:$B,$B29,'Leave Records'!$D:$D,Config!$E$8,'Leave Records'!$K:$K,"Approved"))) -> 0 | J29: =IF($B29="","",IF(Config!$E$8="",0,SUMIFS('Leave Records'!$I:$I,'Leave Records'!$B:$B,$B29,'Leave Records'!$D:$D,Config!$E$8,'Leave Records'!$K:$K,"Pending"))) -> 0 | K29: =IF($B29="","",H29-I29) -> 5 | L29: =IF($B29="","",IFERROR(Config!$F$9,0)) -> 0 | M29: =IF($B29="","",IF(Config!$E$9="",0,SUMIFS('Leave Records'!$I:$I,'Leave Records'!$B:$B,$B29,'Leave Records'!$D:$D,Config!$E$9,'Leave Records'!$K:$K,"Approved"))) -> 0 | N29: =IF($B29="","",IF(Config!$E$9="",0,SUMIFS('Leave Records'!$I:$I,'Leave Records'!$B:$B,$B29,'Leave Records'!$D:$D,Config!$E$9,'Leave Records'!$K:$K,"Pending"))) -> 0 | O29: =IF($B29="","",L29-M29) -> 0 | P29: =IF($B29="","",IFERROR(Config!$F$10,0)) -> 0 | Q29: =IF($B29="","",IF(Config!$E$10="",0,SUMIFS('Leave Records'!$I:$I,'Leave Records'!$B:$B,$B29,'Leave Records'!$D:$D,Config!$E$10,'Leave Records'!$K:$K,"Approved"))) -> 0 | R29: =IF($B29="","",IF(Config!$E$10="",0,SUMIFS('Leave Records'!$I:$I,'Leave Records'!$B:$B,$B29,'Leave Records'!$D:$D,Config!$E$10,'Leave Records'!$K:$K,"Pending"))) -> 0 | S29: =IF($B29="","",P29-Q29) -> 0 | T29: =IF($B29="","",IFERROR(Config!$F$11,0)) -> 0 | U29: =IF($B29="","",IF(Config!$E$11="",0,SUMIFS('Leave Records'!$I:$I,'Leave Records'!$B:$B,$B29,'Leave Records'!$D:$D,Config!$E$11,'Leave Records'!$K:$K,"Approved"))) -> 0 | V29: =IF($B29="","",IF(Config!$E$11="",0,SUMIFS('Leave Records'!$I:$I,'Leave Records'!$B:$B,$B29,'Leave Records'!$D:$D,Config!$E$11,'Leave Records'!$K:$K,"Pending"))) -> 0 | W29: =IF($B29="","",T29-U29) -> 0 | X29: =IF($B29="","",E29+I29+M29+Q29+U29) -> 2
A30: =IF(B30="","",ROW()-4) -> 26 | B30: =IF(Config!$B$32="","",Config!$B$32) -> Najmul Haque Masum | C30: =IF(Config!$B$32="","",Config!$C$32) -> Subject Teacher (IC) | D30: =IF($B30="","",IFERROR(Config!$F$7,0)) -> 10 | E30: =IF($B30="","",IF(Config!$E$7="",0,SUMIFS('Leave Records'!$I:$I,'Leave Records'!$B:$B,$B30,'Leave Records'!$D:$D,Config!$E$7,'Leave Records'!$K:$K,"Approved"))) -> 2 | F30: =IF($B30="","",IF(Config!$E$7="",0,SUMIFS('Leave Records'!$I:$I,'Leave Records'!$B:$B,$B30,'Leave Records'!$D:$D,Config!$E$7,'Leave Records'!$K:$K,"Pending"))) -> 0 | G30: =IF($B30="","",D30-E30) -> 8 | H30: =IF($B30="","",IFERROR(Config!$F$8,0)) -> 5 | I30: =IF($B30="","",IF(Config!$E$8="",0,SUMIFS('Leave Records'!$I:$I,'Leave Records'!$B:$B,$B30,'Leave Records'!$D:$D,Config!$E$8,'Leave Records'!$K:$K,"Approved"))) -> 1 | J30: =IF($B30="","",IF(Config!$E$8="",0,SUMIFS('Leave Records'!$I:$I,'Leave Records'!$B:$B,$B30,'Leave Records'!$D:$D,Config!$E$8,'Leave Records'!$K:$K,"Pending"))) -> 0 | K30: =IF($B30="","",H30-I30) -> 4 | L30: =IF($B30="","",IFERROR(Config!$F$9,0)) -> 0 | M30: =IF($B30="","",IF(Config!$E$9="",0,SUMIFS('Leave Records'!$I:$I,'Leave Records'!$B:$B,$B30,'Leave Records'!$D:$D,Config!$E$9,'Leave Records'!$K:$K,"Approved"))) -> 0 | N30: =IF($B30="","",IF(Config!$E$9="",0,SUMIFS('Leave Records'!$I:$I,'Leave Records'!$B:$B,$B30,'Leave Records'!$D:$D,Config!$E$9,'Leave Records'!$K:$K,"Pending"))) -> 0 | O30: =IF($B30="","",L30-M30) -> 0 | P30: =IF($B30="","",IFERROR(Config!$F$10,0)) -> 0 | Q30: =IF($B30="","",IF(Config!$E$10="",0,SUMIFS('Leave Records'!$I:$I,'Leave Records'!$B:$B,$B30,'Leave Records'!$D:$D,Config!$E$10,'Leave Records'!$K:$K,"Approved"))) -> 0 | R30: =IF($B30="","",IF(Config!$E$10="",0,SUMIFS('Leave Records'!$I:$I,'Leave Records'!$B:$B,$B30,'Leave Records'!$D:$D,Config!$E$10,'Leave Records'!$K:$K,"Pending"))) -> 0 | S30: =IF($B30="","",P30-Q30) -> 0 | T30: =IF($B30="","",IFERROR(Config!$F$11,0)) -> 0 | U30: =IF($B30="","",IF(Config!$E$11="",0,SUMIFS('Leave Records'!$I:$I,'Leave Records'!$B:$B,$B30,'Leave Records'!$D:$D,Config!$E$11,'Leave Records'!$K:$K,"Approved"))) -> 0 | V30: =IF($B30="","",IF(Config!$E$11="",0,SUMIFS('Leave Records'!$I:$I,'Leave Records'!$B:$B,$B30,'Leave Records'!$D:$D,Config!$E$11,'Leave Records'!$K:$K,"Pending"))) -> 0 | W30: =IF($B30="","",T30-U30) -> 0 | X30: =IF($B30="","",E30+I30+M30+Q30+U30) -> 3
A31: =IF(B31="","",ROW()-4) -> 27 | B31: =IF(Config!$B$33="","",Config!$B$33) -> Rahnuman Nesa Chowdhury | C31: =IF(Config!$B$33="","",Config!$C$33) -> Class Teacher | D31: =IF($B31="","",IFERROR(Config!$F$7,0)) -> 10 | E31: =IF($B31="","",IF(Config!$E$7="",0,SUMIFS('Leave Records'!$I:$I,'Leave Records'!$B:$B,$B31,'Leave Records'!$D:$D,Config!$E$7,'Leave Records'!$K:$K,"Approved"))) -> 2 | F31: =IF($B31="","",IF(Config!$E$7="",0,SUMIFS('Leave Records'!$I:$I,'Leave Records'!$B:$B,$B31,'Leave Records'!$D:$D,Config!$E$7,'Leave Records'!$K:$K,"Pending"))) -> 0 | G31: =IF($B31="","",D31-E31) -> 8 | H31: =IF($B31="","",IFERROR(Config!$F$8,0)) -> 5 | I31: =IF($B31="","",IF(Config!$E$8="",0,SUMIFS('Leave Records'!$I:$I,'Leave Records'!$B:$B,$B31,'Leave Records'!$D:$D,Config!$E$8,'Leave Records'!$K:$K,"Approved"))) -> 0 | J31: =IF($B31="","",IF(Config!$E$8="",0,SUMIFS('Leave Records'!$I:$I,'Leave Records'!$B:$B,$B31,'Leave Records'!$D:$D,Config!$E$8,'Leave Records'!$K:$K,"Pending"))) -> 0 | K31: =IF($B31="","",H31-I31) -> 5 | L31: =IF($B31="","",IFERROR(Config!$F$9,0)) -> 0 | M31: =IF($B31="","",IF(Config!$E$9="",0,SUMIFS('Leave Records'!$I:$I,'Leave Records'!$B:$B,$B31,'Leave Records'!$D:$D,Config!$E$9,'Leave Records'!$K:$K,"Approved"))) -> 0 | N31: =IF($B31="","",IF(Config!$E$9="",0,SUMIFS('Leave Records'!$I:$I,'Leave Records'!$B:$B,$B31,'Leave Records'!$D:$D,Config!$E$9,'Leave Records'!$K:$K,"Pending"))) -> 0 | O31: =IF($B31="","",L31-M31) -> 0 | P31: =IF($B31="","",IFERROR(Config!$F$10,0)) -> 0 | Q31: =IF($B31="","",IF(Config!$E$10="",0,SUMIFS('Leave Records'!$I:$I,'Leave Records'!$B:$B,$B31,'Leave Records'!$D:$D,Config!$E$10,'Leave Records'!$K:$K,"Approved"))) -> 0 | R31: =IF($B31="","",IF(Config!$E$10="",0,SUMIFS('Leave Records'!$I:$I,'Leave Records'!$B:$B,$B31,'Leave Records'!$D:$D,Config!$E$10,'Leave Records'!$K:$K,"Pending"))) -> 0 | S31: =IF($B31="","",P31-Q31) -> 0 | T31: =IF($B31="","",IFERROR(Config!$F$11,0)) -> 0 | U31: =IF($B31="","",IF(Config!$E$11="",0,SUMIFS('Leave Records'!$I:$I,'Leave Records'!$B:$B,$B31,'Leave Records'!$D:$D,Config!$E$11,'Leave Records'!$K:$K,"Approved"))) -> 0 | V31: =IF($B31="","",IF(Config!$E$11="",0,SUMIFS('Leave Records'!$I:$I,'Leave Records'!$B:$B,$B31,'Leave Records'!$D:$D,Config!$E$11,'Leave Records'!$K:$K,"Pending"))) -> 0 | W31: =IF($B31="","",T31-U31) -> 0 | X31: =IF($B31="","",E31+I31+M31+Q31+U31) -> 2
A32: =IF(B32="","",ROW()-4) -> 28 | B32: =IF(Config!$B$34="","",Config!$B$34) -> Othora Nausin Jafrin | C32: =IF(Config!$B$34="","",Config!$C$34) -> Assistant Teacher | D32: =IF($B32="","",IFERROR(Config!$F$7,0)) -> 10 | E32: =IF($B32="","",IF(Config!$E$7="",0,SUMIFS('Leave Records'!$I:$I,'Leave Records'!$B:$B,$B32,'Leave Records'!$D:$D,Config!$E$7,'Leave Records'!$K:$K,"Approved"))) -> 3 | F32: =IF($B32="","",IF(Config!$E$7="",0,SUMIFS('Leave Records'!$I:$I,'Leave Records'!$B:$B,$B32,'Leave Records'!$D:$D,Config!$E$7,'Leave Records'!$K:$K,"Pending"))) -> 0 | G32: =IF($B32="","",D32-E32) -> 7 | H32: =IF($B32="","",IFERROR(Config!$F$8,0)) -> 5 | I32: =IF($B32="","",IF(Config!$E$8="",0,SUMIFS('Leave Records'!$I:$I,'Leave Records'!$B:$B,$B32,'Leave Records'!$D:$D,Config!$E$8,'Leave Records'!$K:$K,"Approved"))) -> 0 | J32: =IF($B32="","",IF(Config!$E$8="",0,SUMIFS('Leave Records'!$I:$I,'Leave Records'!$B:$B,$B32,'Leave Records'!$D:$D,Config!$E$8,'Leave Records'!$K:$K,"Pending"))) -> 0 | K32: =IF($B32="","",H32-I32) -> 5 | L32: =IF($B32="","",IFERROR(Config!$F$9,0)) -> 0 | M32: =IF($B32="","",IF(Config!$E$9="",0,SUMIFS('Leave Records'!$I:$I,'Leave Records'!$B:$B,$B32,'Leave Records'!$D:$D,Config!$E$9,'Leave Records'!$K:$K,"Approved"))) -> 0 | N32: =IF($B32="","",IF(Config!$E$9="",0,SUMIFS('Leave Records'!$I:$I,'Leave Records'!$B:$B,$B32,'Leave Records'!$D:$D,Config!$E$9,'Leave Records'!$K:$K,"Pending"))) -> 0 | O32: =IF($B32="","",L32-M32) -> 0 | P32: =IF($B32="","",IFERROR(Config!$F$10,0)) -> 0 | Q32: =IF($B32="","",IF(Config!$E$10="",0,SUMIFS('Leave Records'!$I:$I,'Leave Records'!$B:$B,$B32,'Leave Records'!$D:$D,Config!$E$10,'Leave Records'!$K:$K,"Approved"))) -> 0 | R32: =IF($B32="","",IF(Config!$E$10="",0,SUMIFS('Leave Records'!$I:$I,'Leave Records'!$B:$B,$B32,'Leave Records'!$D:$D,Config!$E$10,'Leave Records'!$K:$K,"Pending"))) -> 0 | S32: =IF($B32="","",P32-Q32) -> 0 | T32: =IF($B32="","",IFERROR(Config!$F$11,0)) -> 0 | U32: =IF($B32="","",IF(Config!$E$11="",0,SUMIFS('Leave Records'!$I:$I,'Leave Records'!$B:$B,$B32,'Leave Records'!$D:$D,Config!$E$11,'Leave Records'!$K:$K,"Approved"))) -> 0 | V32: =IF($B32="","",IF(Config!$E$11="",0,SUMIFS('Leave Records'!$I:$I,'Leave Records'!$B:$B,$B32,'Leave Records'!$D:$D,Config!$E$11,'Leave Records'!$K:$K,"Pending"))) -> 0 | W32: =IF($B32="","",T32-U32) -> 0 | X32: =IF($B32="","",E32+I32+M32+Q32+U32) -> 3
A33: =IF(B33="","",ROW()-4) -> 29 | B33: =IF(Config!$B$35="","",Config!$B$35) -> Md Rahat Chy | C33: =IF(Config!$B$35="","",Config!$C$35) | D33: =IF($B33="","",IFERROR(Config!$F$7,0)) -> 10 | E33: =IF($B33="","",IF(Config!$E$7="",0,SUMIFS('Leave Records'!$I:$I,'Leave Records'!$B:$B,$B33,'Leave Records'!$D:$D,Config!$E$7,'Leave Records'!$K:$K,"Approved"))) -> 0 | F33: =IF($B33="","",IF(Config!$E$7="",0,SUMIFS('Leave Records'!$I:$I,'Leave Records'!$B:$B,$B33,'Leave Records'!$D:$D,Config!$E$7,'Leave Records'!$K:$K,"Pending"))) -> 0 | G33: =IF($B33="","",D33-E33) -> 10 | H33: =IF($B33="","",IFERROR(Config!$F$8,0)) -> 5 | I33: =IF($B33="","",IF(Config!$E$8="",0,SUMIFS('Leave Records'!$I:$I,'Leave Records'!$B:$B,$B33,'Leave Records'!$D:$D,Config!$E$8,'Leave Records'!$K:$K,"Approved"))) -> 0 | J33: =IF($B33="","",IF(Config!$E$8="",0,SUMIFS('Leave Records'!$I:$I,'Leave Records'!$B:$B,$B33,'Leave Records'!$D:$D,Config!$E$8,'Leave Records'!$K:$K,"Pending"))) -> 0 | K33: =IF($B33="","",H33-I33) -> 5 | L33: =IF($B33="","",IFERROR(Config!$F$9,0)) -> 0 | M33: =IF($B33="","",IF(Config!$E$9="",0,SUMIFS('Leave Records'!$I:$I,'Leave Records'!$B:$B,$B33,'Leave Records'!$D:$D,Config!$E$9,'Leave Records'!$K:$K,"Approved"))) -> 0 | N33: =IF($B33="","",IF(Config!$E$9="",0,SUMIFS('Leave Records'!$I:$I,'Leave Records'!$B:$B,$B33,'Leave Records'!$D:$D,Config!$E$9,'Leave Records'!$K:$K,"Pending"))) -> 0 | O33: =IF($B33="","",L33-M33) -> 0 | P33: =IF($B33="","",IFERROR(Config!$F$10,0)) -> 0 | Q33: =IF($B33="","",IF(Config!$E$10="",0,SUMIFS('Leave Records'!$I:$I,'Leave Records'!$B:$B,$B33,'Leave Records'!$D:$D,Config!$E$10,'Leave Records'!$K:$K,"Approved"))) -> 0 | R33: =IF($B33="","",IF(Config!$E$10="",0,SUMIFS('Leave Records'!$I:$I,'Leave Records'!$B:$B,$B33,'Leave Records'!$D:$D,Config!$E$10,'Leave Records'!$K:$K,"Pending"))) -> 0 | S33: =IF($B33="","",P33-Q33) -> 0 | T33: =IF($B33="","",IFERROR(Config!$F$11,0)) -> 0 | U33: =IF($B33="","",IF(Config!$E$11="",0,SUMIFS('Leave Records'!$I:$I,'Leave Records'!$B:$B,$B33,'Leave Records'!$D:$D,Config!$E$11,'Leave Records'!$K:$K,"Approved"))) -> 0 | V33: =IF($B33="","",IF(Config!$E$11="",0,SUMIFS('Leave Records'!$I:$I,'Leave Records'!$B:$B,$B33,'Leave Records'!$D:$D,Config!$E$11,'Leave Records'!$K:$K,"Pending"))) -> 0 | W33: =IF($B33="","",T33-U33) -> 0 | X33: =IF($B33="","",E33+I33+M33+Q33+U33) -> 0
A34: =IF(B34="","",ROW()-4) -> 30 | B34: =IF(Config!$B$36="","",Config!$B$36) -> Sania Rahman | C34: =IF(Config!$B$36="","",Config!$C$36) -> Class Teacher | D34: =IF($B34="","",IFERROR(Config!$F$7,0)) -> 10 | E34: =IF($B34="","",IF(Config!$E$7="",0,SUMIFS('Leave Records'!$I:$I,'Leave Records'!$B:$B,$B34,'Leave Records'!$D:$D,Config!$E$7,'Leave Records'!$K:$K,"Approved"))) -> 3 | F34: =IF($B34="","",IF(Config!$E$7="",0,SUMIFS('Leave Records'!$I:$I,'Leave Records'!$B:$B,$B34,'Leave Records'!$D:$D,Config!$E$7,'Leave Records'!$K:$K,"Pending"))) -> 0 | G34: =IF($B34="","",D34-E34) -> 7 | H34: =IF($B34="","",IFERROR(Config!$F$8,0)) -> 5 | I34: =IF($B34="","",IF(Config!$E$8="",0,SUMIFS('Leave Records'!$I:$I,'Leave Records'!$B:$B,$B34,'Leave Records'!$D:$D,Config!$E$8,'Leave Records'!$K:$K,"Approved"))) -> 0 | J34: =IF($B34="","",IF(Config!$E$8="",0,SUMIFS('Leave Records'!$I:$I,'Leave Records'!$B:$B,$B34,'Leave Records'!$D:$D,Config!$E$8,'Leave Records'!$K:$K,"Pending"))) -> 0 | K34: =IF($B34="","",H34-I34) -> 5 | L34: =IF($B34="","",IFERROR(Config!$F$9,0)) -> 0 | M34: =IF($B34="","",IF(Config!$E$9="",0,SUMIFS('Leave Records'!$I:$I,'Leave Records'!$B:$B,$B34,'Leave Records'!$D:$D,Config!$E$9,'Leave Records'!$K:$K,"Approved"))) -> 0 | N34: =IF($B34="","",IF(Config!$E$9="",0,SUMIFS('Leave Records'!$I:$I,'Leave Records'!$B:$B,$B34,'Leave Records'!$D:$D,Config!$E$9,'Leave Records'!$K:$K,"Pending"))) -> 0 | O34: =IF($B34="","",L34-M34) -> 0 | P34: =IF($B34="","",IFERROR(Config!$F$10,0)) -> 0 | Q34: =IF($B34="","",IF(Config!$E$10="",0,SUMIFS('Leave Records'!$I:$I,'Leave Records'!$B:$B,$B34,'Leave Records'!$D:$D,Config!$E$10,'Leave Records'!$K:$K,"Approved"))) -> 0 | R34: =IF($B34="","",IF(Config!$E$10="",0,SUMIFS('Leave Records'!$I:$I,'Leave Records'!$B:$B,$B34,'Leave Records'!$D:$D,Config!$E$10,'Leave Records'!$K:$K,"Pending"))) -> 0 | S34: =IF($B34="","",P34-Q34) -> 0 | T34: =IF($B34="","",IFERROR(Config!$F$11,0)) -> 0 | U34: =IF($B34="","",IF(Config!$E$11="",0,SUMIFS('Leave Records'!$I:$I,'Leave Records'!$B:$B,$B34,'Leave Records'!$D:$D,Config!$E$11,'Leave Records'!$K:$K,"Approved"))) -> 0 | V34: =IF($B34="","",IF(Config!$E$11="",0,SUMIFS('Leave Records'!$I:$I,'Leave Records'!$B:$B,$B34,'Leave Records'!$D:$D,Config!$E$11,'Leave Records'!$K:$K,"Pending"))) -> 0 | W34: =IF($B34="","",T34-U34) -> 0 | X34: =IF($B34="","",E34+I34+M34+Q34+U34) -> 3
A35: =IF(B35="","",ROW()-4) -> 31 | B35: =IF(Config!$B$37="","",Config!$B$37) -> Jaharin Subah | C35: =IF(Config!$B$37="","",Config!$C$37) -> Class Teacher | D35: =IF($B35="","",IFERROR(Config!$F$7,0)) -> 10 | E35: =IF($B35="","",IF(Config!$E$7="",0,SUMIFS('Leave Records'!$I:$I,'Leave Records'!$B:$B,$B35,'Leave Records'!$D:$D,Config!$E$7,'Leave Records'!$K:$K,"Approved"))) -> 1 | F35: =IF($B35="","",IF(Config!$E$7="",0,SUMIFS('Leave Records'!$I:$I,'Leave Records'!$B:$B,$B35,'Leave Records'!$D:$D,Config!$E$7,'Leave Records'!$K:$K,"Pending"))) -> 0 | G35: =IF($B35="","",D35-E35) -> 9 | H35: =IF($B35="","",IFERROR(Config!$F$8,0)) -> 5 | I35: =IF($B35="","",IF(Config!$E$8="",0,SUMIFS('Leave Records'!$I:$I,'Leave Records'!$B:$B,$B35,'Leave Records'!$D:$D,Config!$E$8,'Leave Records'!$K:$K,"Approved"))) -> 0 | J35: =IF($B35="","",IF(Config!$E$8="",0,SUMIFS('Leave Records'!$I:$I,'Leave Records'!$B:$B,$B35,'Leave Records'!$D:$D,Config!$E$8,'Leave Records'!$K:$K,"Pending"))) -> 0 | K35: =IF($B35="","",H35-I35) -> 5 | L35: =IF($B35="","",IFERROR(Config!$F$9,0)) -> 0 | M35: =IF($B35="","",IF(Config!$E$9="",0,SUMIFS('Leave Records'!$I:$I,'Leave Records'!$B:$B,$B35,'Leave Records'!$D:$D,Config!$E$9,'Leave Records'!$K:$K,"Approved"))) -> 0 | N35: =IF($B35="","",IF(Config!$E$9="",0,SUMIFS('Leave Records'!$I:$I,'Leave Records'!$B:$B,$B35,'Leave Records'!$D:$D,Config!$E$9,'Leave Records'!$K:$K,"Pending"))) -> 0 | O35: =IF($B35="","",L35-M35) -> 0 | P35: =IF($B35="","",IFERROR(Config!$F$10,0)) -> 0 | Q35: =IF($B35="","",IF(Config!$E$10="",0,SUMIFS('Leave Records'!$I:$I,'Leave Records'!$B:$B,$B35,'Leave Records'!$D:$D,Config!$E$10,'Leave Records'!$K:$K,"Approved"))) -> 0 | R35: =IF($B35="","",IF(Config!$E$10="",0,SUMIFS('Leave Records'!$I:$I,'Leave Records'!$B:$B,$B35,'Leave Records'!$D:$D,Config!$E$10,'Leave Records'!$K:$K,"Pending"))) -> 0 | S35: =IF($B35="","",P35-Q35) -> 0 | T35: =IF($B35="","",IFERROR(Config!$F$11,0)) -> 0 | U35: =IF($B35="","",IF(Config!$E$11="",0,SUMIFS('Leave Records'!$I:$I,'Leave Records'!$B:$B,$B35,'Leave Records'!$D:$D,Config!$E$11,'Leave Records'!$K:$K,"Approved"))) -> 0 | V35: =IF($B35="","",IF(Config!$E$11="",0,SUMIFS('Leave Records'!$I:$I,'Leave Records'!$B:$B,$B35,'Leave Records'!$D:$D,Config!$E$11,'Leave Records'!$K:$K,"Pending"))) -> 0 | W35: =IF($B35="","",T35-U35) -> 0 | X35: =IF($B35="","",E35+I35+M35+Q35+U35) -> 1
A36: =IF(B36="","",ROW()-4) -> 32 | B36: =IF(Config!$B$38="","",Config!$B$38) -> Afroza Akter | C36: =IF(Config!$B$38="","",Config!$C$38) | D36: =IF($B36="","",IFERROR(Config!$F$7,0)) -> 10 | E36: =IF($B36="","",IF(Config!$E$7="",0,SUMIFS('Leave Records'!$I:$I,'Leave Records'!$B:$B,$B36,'Leave Records'!$D:$D,Config!$E$7,'Leave Records'!$K:$K,"Approved"))) -> 0 | F36: =IF($B36="","",IF(Config!$E$7="",0,SUMIFS('Leave Records'!$I:$I,'Leave Records'!$B:$B,$B36,'Leave Records'!$D:$D,Config!$E$7,'Leave Records'!$K:$K,"Pending"))) -> 0 | G36: =IF($B36="","",D36-E36) -> 10 | H36: =IF($B36="","",IFERROR(Config!$F$8,0)) -> 5 | I36: =IF($B36="","",IF(Config!$E$8="",0,SUMIFS('Leave Records'!$I:$I,'Leave Records'!$B:$B,$B36,'Leave Records'!$D:$D,Config!$E$8,'Leave Records'!$K:$K,"Approved"))) -> 0 | J36: =IF($B36="","",IF(Config!$E$8="",0,SUMIFS('Leave Records'!$I:$I,'Leave Records'!$B:$B,$B36,'Leave Records'!$D:$D,Config!$E$8,'Leave Records'!$K:$K,"Pending"))) -> 0 | K36: =IF($B36="","",H36-I36) -> 5 | L36: =IF($B36="","",IFERROR(Config!$F$9,0)) -> 0 | M36: =IF($B36="","",IF(Config!$E$9="",0,SUMIFS('Leave Records'!$I:$I,'Leave Records'!$B:$B,$B36,'Leave Records'!$D:$D,Config!$E$9,'Leave Records'!$K:$K,"Approved"))) -> 0 | N36: =IF($B36="","",IF(Config!$E$9="",0,SUMIFS('Leave Records'!$I:$I,'Leave Records'!$B:$B,$B36,'Leave Records'!$D:$D,Config!$E$9,'Leave Records'!$K:$K,"Pending"))) -> 0 | O36: =IF($B36="","",L36-M36) -> 0 | P36: =IF($B36="","",IFERROR(Config!$F$10,0)) -> 0 | Q36: =IF($B36="","",IF(Config!$E$10="",0,SUMIFS('Leave Records'!$I:$I,'Leave Records'!$B:$B,$B36,'Leave Records'!$D:$D,Config!$E$10,'Leave Records'!$K:$K,"Approved"))) -> 0 | R36: =IF($B36="","",IF(Config!$E$10="",0,SUMIFS('Leave Records'!$I:$I,'Leave Records'!$B:$B,$B36,'Leave Records'!$D:$D,Config!$E$10,'Leave Records'!$K:$K,"Pending"))) -> 0 | S36: =IF($B36="","",P36-Q36) -> 0 | T36: =IF($B36="","",IFERROR(Config!$F$11,0)) -> 0 | U36: =IF($B36="","",IF(Config!$E$11="",0,SUMIFS('Leave Records'!$I:$I,'Leave Records'!$B:$B,$B36,'Leave Records'!$D:$D,Config!$E$11,'Leave Records'!$K:$K,"Approved"))) -> 0 | V36: =IF($B36="","",IF(Config!$E$11="",0,SUMIFS('Leave Records'!$I:$I,'Leave Records'!$B:$B,$B36,'Leave Records'!$D:$D,Config!$E$11,'Leave Records'!$K:$K,"Pending"))) -> 0 | W36: =IF($B36="","",T36-U36) -> 0 | X36: =IF($B36="","",E36+I36+M36+Q36+U36) -> 0
A37: =IF(B37="","",ROW()-4) -> 33 | B37: =IF(Config!$B$39="","",Config!$B$39) -> Ummay Hani Juthi | C37: =IF(Config!$B$39="","",Config!$C$39) -> Lead Teacher | D37: =IF($B37="","",IFERROR(Config!$F$7,0)) -> 10 | E37: =IF($B37="","",IF(Config!$E$7="",0,SUMIFS('Leave Records'!$I:$I,'Leave Records'!$B:$B,$B37,'Leave Records'!$D:$D,Config!$E$7,'Leave Records'!$K:$K,"Approved"))) -> 4 | F37: =IF($B37="","",IF(Config!$E$7="",0,SUMIFS('Leave Records'!$I:$I,'Leave Records'!$B:$B,$B37,'Leave Records'!$D:$D,Config!$E$7,'Leave Records'!$K:$K,"Pending"))) -> 0 | G37: =IF($B37="","",D37-E37) -> 6 | H37: =IF($B37="","",IFERROR(Config!$F$8,0)) -> 5 | I37: =IF($B37="","",IF(Config!$E$8="",0,SUMIFS('Leave Records'!$I:$I,'Leave Records'!$B:$B,$B37,'Leave Records'!$D:$D,Config!$E$8,'Leave Records'!$K:$K,"Approved"))) -> 0 | J37: =IF($B37="","",IF(Config!$E$8="",0,SUMIFS('Leave Records'!$I:$I,'Leave Records'!$B:$B,$B37,'Leave Records'!$D:$D,Config!$E$8,'Leave Records'!$K:$K,"Pending"))) -> 0 | K37: =IF($B37="","",H37-I37) -> 5 | L37: =IF($B37="","",IFERROR(Config!$F$9,0)) -> 0 | M37: =IF($B37="","",IF(Config!$E$9="",0,SUMIFS('Leave Records'!$I:$I,'Leave Records'!$B:$B,$B37,'Leave Records'!$D:$D,Config!$E$9,'Leave Records'!$K:$K,"Approved"))) -> 0 | N37: =IF($B37="","",IF(Config!$E$9="",0,SUMIFS('Leave Records'!$I:$I,'Leave Records'!$B:$B,$B37,'Leave Records'!$D:$D,Config!$E$9,'Leave Records'!$K:$K,"Pending"))) -> 0 | O37: =IF($B37="","",L37-M37) -> 0 | P37: =IF($B37="","",IFERROR(Config!$F$10,0)) -> 0 | Q37: =IF($B37="","",IF(Config!$E$10="",0,SUMIFS('Leave Records'!$I:$I,'Leave Records'!$B:$B,$B37,'Leave Records'!$D:$D,Config!$E$10,'Leave Records'!$K:$K,"Approved"))) -> 0 | R37: =IF($B37="","",IF(Config!$E$10="",0,SUMIFS('Leave Records'!$I:$I,'Leave Records'!$B:$B,$B37,'Leave Records'!$D:$D,Config!$E$10,'Leave Records'!$K:$K,"Pending"))) -> 0 | S37: =IF($B37="","",P37-Q37) -> 0 | T37: =IF($B37="","",IFERROR(Config!$F$11,0)) -> 0 | U37: =IF($B37="","",IF(Config!$E$11="",0,SUMIFS('Leave Records'!$I:$I,'Leave Records'!$B:$B,$B37,'Leave Records'!$D:$D,Config!$E$11,'Leave Records'!$K:$K,"Approved"))) -> 0 | V37: =IF($B37="","",IF(Config!$E$11="",0,SUMIFS('Leave Records'!$I:$I,'Leave Records'!$B:$B,$B37,'Leave Records'!$D:$D,Config!$E$11,'Leave Records'!$K:$K,"Pending"))) -> 0 | W37: =IF($B37="","",T37-U37) -> 0 | X37: =IF($B37="","",E37+I37+M37+Q37+U37) -> 4
A38: =IF(B38="","",ROW()-4) -> 34 | B38: =IF(Config!$B$40="","",Config!$B$40) -> Tanzina Haque | C38: =IF(Config!$B$40="","",Config!$C$40) -> Subject Teacher | D38: =IF($B38="","",IFERROR(Config!$F$7,0)) -> 10 | E38: =IF($B38="","",IF(Config!$E$7="",0,SUMIFS('Leave Records'!$I:$I,'Leave Records'!$B:$B,$B38,'Leave Records'!$D:$D,Config!$E$7,'Leave Records'!$K:$K,"Approved"))) -> 1 | F38: =IF($B38="","",IF(Config!$E$7="",0,SUMIFS('Leave Records'!$I:$I,'Leave Records'!$B:$B,$B38,'Leave Records'!$D:$D,Config!$E$7,'Leave Records'!$K:$K,"Pending"))) -> 0 | G38: =IF($B38="","",D38-E38) -> 9 | H38: =IF($B38="","",IFERROR(Config!$F$8,0)) -> 5 | I38: =IF($B38="","",IF(Config!$E$8="",0,SUMIFS('Leave Records'!$I:$I,'Leave Records'!$B:$B,$B38,'Leave Records'!$D:$D,Config!$E$8,'Leave Records'!$K:$K,"Approved"))) -> 1 | J38: =IF($B38="","",IF(Config!$E$8="",0,SUMIFS('Leave Records'!$I:$I,'Leave Records'!$B:$B,$B38,'Leave Records'!$D:$D,Config!$E$8,'Leave Records'!$K:$K,"Pending"))) -> 0 | K38: =IF($B38="","",H38-I38) -> 4 | L38: =IF($B38="","",IFERROR(Config!$F$9,0)) -> 0 | M38: =IF($B38="","",IF(Config!$E$9="",0,SUMIFS('Leave Records'!$I:$I,'Leave Records'!$B:$B,$B38,'Leave Records'!$D:$D,Config!$E$9,'Leave Records'!$K:$K,"Approved"))) -> 0 | N38: =IF($B38="","",IF(Config!$E$9="",0,SUMIFS('Leave Records'!$I:$I,'Leave Records'!$B:$B,$B38,'Leave Records'!$D:$D,Config!$E$9,'Leave Records'!$K:$K,"Pending"))) -> 0 | O38: =IF($B38="","",L38-M38) -> 0 | P38: =IF($B38="","",IFERROR(Config!$F$10,0)) -> 0 | Q38: =IF($B38="","",IF(Config!$E$10="",0,SUMIFS('Leave Records'!$I:$I,'Leave Records'!$B:$B,$B38,'Leave Records'!$D:$D,Config!$E$10,'Leave Records'!$K:$K,"Approved"))) -> 0 | R38: =IF($B38="","",IF(Config!$E$10="",0,SUMIFS('Leave Records'!$I:$I,'Leave Records'!$B:$B,$B38,'Leave Records'!$D:$D,Config!$E$10,'Leave Records'!$K:$K,"Pending"))) -> 0 | S38: =IF($B38="","",P38-Q38) -> 0 | T38: =IF($B38="","",IFERROR(Config!$F$11,0)) -> 0 | U38: =IF($B38="","",IF(Config!$E$11="",0,SUMIFS('Leave Records'!$I:$I,'Leave Records'!$B:$B,$B38,'Leave Records'!$D:$D,Config!$E$11,'Leave Records'!$K:$K,"Approved"))) -> 0 | V38: =IF($B38="","",IF(Config!$E$11="",0,SUMIFS('Leave Records'!$I:$I,'Leave Records'!$B:$B,$B38,'Leave Records'!$D:$D,Config!$E$11,'Leave Records'!$K:$K,"Pending"))) -> 0 | W38: =IF($B38="","",T38-U38) -> 0 | X38: =IF($B38="","",E38+I38+M38+Q38+U38) -> 2
A39: =IF(B39="","",ROW()-4) -> 35 | B39: =IF(Config!$B$41="","",Config!$B$41) -> Tahsina Tarannum | C39: =IF(Config!$B$41="","",Config!$C$41) | D39: =IF($B39="","",IFERROR(Config!$F$7,0)) -> 10 | E39: =IF($B39="","",IF(Config!$E$7="",0,SUMIFS('Leave Records'!$I:$I,'Leave Records'!$B:$B,$B39,'Leave Records'!$D:$D,Config!$E$7,'Leave Records'!$K:$K,"Approved"))) -> 1 | F39: =IF($B39="","",IF(Config!$E$7="",0,SUMIFS('Leave Records'!$I:$I,'Leave Records'!$B:$B,$B39,'Leave Records'!$D:$D,Config!$E$7,'Leave Records'!$K:$K,"Pending"))) -> 0 | G39: =IF($B39="","",D39-E39) -> 9 | H39: =IF($B39="","",IFERROR(Config!$F$8,0)) -> 5 | I39: =IF($B39="","",IF(Config!$E$8="",0,SUMIFS('Leave Records'!$I:$I,'Leave Records'!$B:$B,$B39,'Leave Records'!$D:$D,Config!$E$8,'Leave Records'!$K:$K,"Approved"))) -> 1 | J39: =IF($B39="","",IF(Config!$E$8="",0,SUMIFS('Leave Records'!$I:$I,'Leave Records'!$B:$B,$B39,'Leave Records'!$D:$D,Config!$E$8,'Leave Records'!$K:$K,"Pending"))) -> 0 | K39: =IF($B39="","",H39-I39) -> 4 | L39: =IF($B39="","",IFERROR(Config!$F$9,0)) -> 0 | M39: =IF($B39="","",IF(Config!$E$9="",0,SUMIFS('Leave Records'!$I:$I,'Leave Records'!$B:$B,$B39,'Leave Records'!$D:$D,Config!$E$9,'Leave Records'!$K:$K,"Approved"))) -> 0 | N39: =IF($B39="","",IF(Config!$E$9="",0,SUMIFS('Leave Records'!$I:$I,'Leave Records'!$B:$B,$B39,'Leave Records'!$D:$D,Config!$E$9,'Leave Records'!$K:$K,"Pending"))) -> 0 | O39: =IF($B39="","",L39-M39) -> 0 | P39: =IF($B39="","",IFERROR(Config!$F$10,0)) -> 0 | Q39: =IF($B39="","",IF(Config!$E$10="",0,SUMIFS('Leave Records'!$I:$I,'Leave Records'!$B:$B,$B39,'Leave Records'!$D:$D,Config!$E$10,'Leave Records'!$K:$K,"Approved"))) -> 0 | R39: =IF($B39="","",IF(Config!$E$10="",0,SUMIFS('Leave Records'!$I:$I,'Leave Records'!$B:$B,$B39,'Leave Records'!$D:$D,Config!$E$10,'Leave Records'!$K:$K,"Pending"))) -> 0 | S39: =IF($B39="","",P39-Q39) -> 0 | T39: =IF($B39="","",IFERROR(Config!$F$11,0)) -> 0 | U39: =IF($B39="","",IF(Config!$E$11="",0,SUMIFS('Leave Records'!$I:$I,'Leave Records'!$B:$B,$B39,'Leave Records'!$D:$D,Config!$E$11,'Leave Records'!$K:$K,"Approved"))) -> 0 | V39: =IF($B39="","",IF(Config!$E$11="",0,SUMIFS('Leave Records'!$I:$I,'Leave Records'!$B:$B,$B39,'Leave Records'!$D:$D,Config!$E$11,'Leave Records'!$K:$K,"Pending"))) -> 0 | W39: =IF($B39="","",T39-U39) -> 0 | X39: =IF($B39="","",E39+I39+M39+Q39+U39) -> 2
A40: =IF(B40="","",ROW()-4) -> 36 | B40: =IF(Config!$B$42="","",Config!$B$42) -> Mohammad Arafat Ul Alam | C40: =IF(Config!$B$42="","",Config!$C$42) | D40: =IF($B40="","",IFERROR(Config!$F$7,0)) -> 10 | E40: =IF($B40="","",IF(Config!$E$7="",0,SUMIFS('Leave Records'!$I:$I,'Leave Records'!$B:$B,$B40,'Leave Records'!$D:$D,Config!$E$7,'Leave Records'!$K:$K,"Approved"))) -> 3 | F40: =IF($B40="","",IF(Config!$E$7="",0,SUMIFS('Leave Records'!$I:$I,'Leave Records'!$B:$B,$B40,'Leave Records'!$D:$D,Config!$E$7,'Leave Records'!$K:$K,"Pending"))) -> 0 | G40: =IF($B40="","",D40-E40) -> 7 | H40: =IF($B40="","",IFERROR(Config!$F$8,0)) -> 5 | I40: =IF($B40="","",IF(Config!$E$8="",0,SUMIFS('Leave Records'!$I:$I,'Leave Records'!$B:$B,$B40,'Leave Records'!$D:$D,Config!$E$8,'Leave Records'!$K:$K,"Approved"))) -> 0 | J40: =IF($B40="","",IF(Config!$E$8="",0,SUMIFS('Leave Records'!$I:$I,'Leave Records'!$B:$B,$B40,'Leave Records'!$D:$D,Config!$E$8,'Leave Records'!$K:$K,"Pending"))) -> 0 | K40: =IF($B40="","",H40-I40) -> 5 | L40: =IF($B40="","",IFERROR(Config!$F$9,0)) -> 0 | M40: =IF($B40="","",IF(Config!$E$9="",0,SUMIFS('Leave Records'!$I:$I,'Leave Records'!$B:$B,$B40,'Leave Records'!$D:$D,Config!$E$9,'Leave Records'!$K:$K,"Approved"))) -> 0 | N40: =IF($B40="","",IF(Config!$E$9="",0,SUMIFS('Leave Records'!$I:$I,'Leave Records'!$B:$B,$B40,'Leave Records'!$D:$D,Config!$E$9,'Leave Records'!$K:$K,"Pending"))) -> 0 | O40: =IF($B40="","",L40-M40) -> 0 | P40: =IF($B40="","",IFERROR(Config!$F$10,0)) -> 0 | Q40: =IF($B40="","",IF(Config!$E$10="",0,SUMIFS('Leave Records'!$I:$I,'Leave Records'!$B:$B,$B40,'Leave Records'!$D:$D,Config!$E$10,'Leave Records'!$K:$K,"Approved"))) -> 0 | R40: =IF($B40="","",IF(Config!$E$10="",0,SUMIFS('Leave Records'!$I:$I,'Leave Records'!$B:$B,$B40,'Leave Records'!$D:$D,Config!$E$10,'Leave Records'!$K:$K,"Pending"))) -> 0 | S40: =IF($B40="","",P40-Q40) -> 0 | T40: =IF($B40="","",IFERROR(Config!$F$11,0)) -> 0 | U40: =IF($B40="","",IF(Config!$E$11="",0,SUMIFS('Leave Records'!$I:$I,'Leave Records'!$B:$B,$B40,'Leave Records'!$D:$D,Config!$E$11,'Leave Records'!$K:$K,"Approved"))) -> 0 | V40: =IF($B40="","",IF(Config!$E$11="",0,SUMIFS('Leave Records'!$I:$I,'Leave Records'!$B:$B,$B40,'Leave Records'!$D:$D,Config!$E$11,'Leave Records'!$K:$K,"Pending"))) -> 0 | W40: =IF($B40="","",T40-U40) -> 0 | X40: =IF($B40="","",E40+I40+M40+Q40+U40) -> 3
A41: =IF(B41="","",ROW()-4) -> 37 | B41: =IF(Config!$B$43="","",Config!$B$43) -> Md Kawser Hussain Rasel | C41: =IF(Config!$B$43="","",Config!$C$43) | D41: =IF($B41="","",IFERROR(Config!$F$7,0)) -> 10 | E41: =IF($B41="","",IF(Config!$E$7="",0,SUMIFS('Leave Records'!$I:$I,'Leave Records'!$B:$B,$B41,'Leave Records'!$D:$D,Config!$E$7,'Leave Records'!$K:$K,"Approved"))) -> 0 | F41: =IF($B41="","",IF(Config!$E$7="",0,SUMIFS('Leave Records'!$I:$I,'Leave Records'!$B:$B,$B41,'Leave Records'!$D:$D,Config!$E$7,'Leave Records'!$K:$K,"Pending"))) -> 0 | G41: =IF($B41="","",D41-E41) -> 10 | H41: =IF($B41="","",IFERROR(Config!$F$8,0)) -> 5 | I41: =IF($B41="","",IF(Config!$E$8="",0,SUMIFS('Leave Records'!$I:$I,'Leave Records'!$B:$B,$B41,'Leave Records'!$D:$D,Config!$E$8,'Leave Records'!$K:$K,"Approved"))) -> 0 | J41: =IF($B41="","",IF(Config!$E$8="",0,SUMIFS('Leave Records'!$I:$I,'Leave Records'!$B:$B,$B41,'Leave Records'!$D:$D,Config!$E$8,'Leave Records'!$K:$K,"Pending"))) -> 0 | K41: =IF($B41="","",H41-I41) -> 5 | L41: =IF($B41="","",IFERROR(Config!$F$9,0)) -> 0 | M41: =IF($B41="","",IF(Config!$E$9="",0,SUMIFS('Leave Records'!$I:$I,'Leave Records'!$B:$B,$B41,'Leave Records'!$D:$D,Config!$E$9,'Leave Records'!$K:$K,"Approved"))) -> 0 | N41: =IF($B41="","",IF(Config!$E$9="",0,SUMIFS('Leave Records'!$I:$I,'Leave Records'!$B:$B,$B41,'Leave Records'!$D:$D,Config!$E$9,'Leave Records'!$K:$K,"Pending"))) -> 0 | O41: =IF($B41="","",L41-M41) -> 0 | P41: =IF($B41="","",IFERROR(Config!$F$10,0)) -> 0 | Q41: =IF($B41="","",IF(Config!$E$10="",0,SUMIFS('Leave Records'!$I:$I,'Leave Records'!$B:$B,$B41,'Leave Records'!$D:$D,Config!$E$10,'Leave Records'!$K:$K,"Approved"))) -> 0 | R41: =IF($B41="","",IF(Config!$E$10="",0,SUMIFS('Leave Records'!$I:$I,'Leave Records'!$B:$B,$B41,'Leave Records'!$D:$D,Config!$E$10,'Leave Records'!$K:$K,"Pending"))) -> 0 | S41: =IF($B41="","",P41-Q41) -> 0 | T41: =IF($B41="","",IFERROR(Config!$F$11,0)) -> 0 | U41: =IF($B41="","",IF(Config!$E$11="",0,SUMIFS('Leave Records'!$I:$I,'Leave Records'!$B:$B,$B41,'Leave Records'!$D:$D,Config!$E$11,'Leave Records'!$K:$K,"Approved"))) -> 0 | V41: =IF($B41="","",IF(Config!$E$11="",0,SUMIFS('Leave Records'!$I:$I,'Leave Records'!$B:$B,$B41,'Leave Records'!$D:$D,Config!$E$11,'Leave Records'!$K:$K,"Pending"))) -> 0 | W41: =IF($B41="","",T41-U41) -> 0 | X41: =IF($B41="","",E41+I41+M41+Q41+U41) -> 0
A42: =IF(B42="","",ROW()-4) -> 38 | B42: =IF(Config!$B$44="","",Config!$B$44) -> Md. Mainuddin | C42: =IF(Config!$B$44="","",Config!$C$44) | D42: =IF($B42="","",IFERROR(Config!$F$7,0)) -> 10 | E42: =IF($B42="","",IF(Config!$E$7="",0,SUMIFS('Leave Records'!$I:$I,'Leave Records'!$B:$B,$B42,'Leave Records'!$D:$D,Config!$E$7,'Leave Records'!$K:$K,"Approved"))) -> 2 | F42: =IF($B42="","",IF(Config!$E$7="",0,SUMIFS('Leave Records'!$I:$I,'Leave Records'!$B:$B,$B42,'Leave Records'!$D:$D,Config!$E$7,'Leave Records'!$K:$K,"Pending"))) -> 0 | G42: =IF($B42="","",D42-E42) -> 8 | H42: =IF($B42="","",IFERROR(Config!$F$8,0)) -> 5 | I42: =IF($B42="","",IF(Config!$E$8="",0,SUMIFS('Leave Records'!$I:$I,'Leave Records'!$B:$B,$B42,'Leave Records'!$D:$D,Config!$E$8,'Leave Records'!$K:$K,"Approved"))) -> 0 | J42: =IF($B42="","",IF(Config!$E$8="",0,SUMIFS('Leave Records'!$I:$I,'Leave Records'!$B:$B,$B42,'Leave Records'!$D:$D,Config!$E$8,'Leave Records'!$K:$K,"Pending"))) -> 0 | K42: =IF($B42="","",H42-I42) -> 5 | L42: =IF($B42="","",IFERROR(Config!$F$9,0)) -> 0 | M42: =IF($B42="","",IF(Config!$E$9="",0,SUMIFS('Leave Records'!$I:$I,'Leave Records'!$B:$B,$B42,'Leave Records'!$D:$D,Config!$E$9,'Leave Records'!$K:$K,"Approved"))) -> 0 | N42: =IF($B42="","",IF(Config!$E$9="",0,SUMIFS('Leave Records'!$I:$I,'Leave Records'!$B:$B,$B42,'Leave Records'!$D:$D,Config!$E$9,'Leave Records'!$K:$K,"Pending"))) -> 0 | O42: =IF($B42="","",L42-M42) -> 0 | P42: =IF($B42="","",IFERROR(Config!$F$10,0)) -> 0 | Q42: =IF($B42="","",IF(Config!$E$10="",0,SUMIFS('Leave Records'!$I:$I,'Leave Records'!$B:$B,$B42,'Leave Records'!$D:$D,Config!$E$10,'Leave Records'!$K:$K,"Approved"))) -> 0 | R42: =IF($B42="","",IF(Config!$E$10="",0,SUMIFS('Leave Records'!$I:$I,'Leave Records'!$B:$B,$B42,'Leave Records'!$D:$D,Config!$E$10,'Leave Records'!$K:$K,"Pending"))) -> 0 | S42: =IF($B42="","",P42-Q42) -> 0 | T42: =IF($B42="","",IFERROR(Config!$F$11,0)) -> 0 | U42: =IF($B42="","",IF(Config!$E$11="",0,SUMIFS('Leave Records'!$I:$I,'Leave Records'!$B:$B,$B42,'Leave Records'!$D:$D,Config!$E$11,'Leave Records'!$K:$K,"Approved"))) -> 0 | V42: =IF($B42="","",IF(Config!$E$11="",0,SUMIFS('Leave Records'!$I:$I,'Leave Records'!$B:$B,$B42,'Leave Records'!$D:$D,Config!$E$11,'Leave Records'!$K:$K,"Pending"))) -> 0 | W42: =IF($B42="","",T42-U42) -> 0 | X42: =IF($B42="","",E42+I42+M42+Q42+U42) -> 2
A43: =IF(B43="","",ROW()-4) -> 39 | B43: =IF(Config!$B$45="","",Config!$B$45) -> Sumaiya Nusrat Pushpo | C43: =IF(Config!$B$45="","",Config!$C$45) -> Assistant Teacher | D43: =IF($B43="","",IFERROR(Config!$F$7,0)) -> 10 | E43: =IF($B43="","",IF(Config!$E$7="",0,SUMIFS('Leave Records'!$I:$I,'Leave Records'!$B:$B,$B43,'Leave Records'!$D:$D,Config!$E$7,'Leave Records'!$K:$K,"Approved"))) -> 4 | F43: =IF($B43="","",IF(Config!$E$7="",0,SUMIFS('Leave Records'!$I:$I,'Leave Records'!$B:$B,$B43,'Leave Records'!$D:$D,Config!$E$7,'Leave Records'!$K:$K,"Pending"))) -> 0 | G43: =IF($B43="","",D43-E43) -> 6 | H43: =IF($B43="","",IFERROR(Config!$F$8,0)) -> 5 | I43: =IF($B43="","",IF(Config!$E$8="",0,SUMIFS('Leave Records'!$I:$I,'Leave Records'!$B:$B,$B43,'Leave Records'!$D:$D,Config!$E$8,'Leave Records'!$K:$K,"Approved"))) -> 0 | J43: =IF($B43="","",IF(Config!$E$8="",0,SUMIFS('Leave Records'!$I:$I,'Leave Records'!$B:$B,$B43,'Leave Records'!$D:$D,Config!$E$8,'Leave Records'!$K:$K,"Pending"))) -> 0 | K43: =IF($B43="","",H43-I43) -> 5 | L43: =IF($B43="","",IFERROR(Config!$F$9,0)) -> 0 | M43: =IF($B43="","",IF(Config!$E$9="",0,SUMIFS('Leave Records'!$I:$I,'Leave Records'!$B:$B,$B43,'Leave Records'!$D:$D,Config!$E$9,'Leave Records'!$K:$K,"Approved"))) -> 0 | N43: =IF($B43="","",IF(Config!$E$9="",0,SUMIFS('Leave Records'!$I:$I,'Leave Records'!$B:$B,$B43,'Leave Records'!$D:$D,Config!$E$9,'Leave Records'!$K:$K,"Pending"))) -> 0 | O43: =IF($B43="","",L43-M43) -> 0 | P43: =IF($B43="","",IFERROR(Config!$F$10,0)) -> 0 | Q43: =IF($B43="","",IF(Config!$E$10="",0,SUMIFS('Leave Records'!$I:$I,'Leave Records'!$B:$B,$B43,'Leave Records'!$D:$D,Config!$E$10,'Leave Records'!$K:$K,"Approved"))) -> 0 | R43: =IF($B43="","",IF(Config!$E$10="",0,SUMIFS('Leave Records'!$I:$I,'Leave Records'!$B:$B,$B43,'Leave Records'!$D:$D,Config!$E$10,'Leave Records'!$K:$K,"Pending"))) -> 0 | S43: =IF($B43="","",P43-Q43) -> 0 | T43: =IF($B43="","",IFERROR(Config!$F$11,0)) -> 0 | U43: =IF($B43="","",IF(Config!$E$11="",0,SUMIFS('Leave Records'!$I:$I,'Leave Records'!$B:$B,$B43,'Leave Records'!$D:$D,Config!$E$11,'Leave Records'!$K:$K,"Approved"))) -> 0 | V43: =IF($B43="","",IF(Config!$E$11="",0,SUMIFS('Leave Records'!$I:$I,'Leave Records'!$B:$B,$B43,'Leave Records'!$D:$D,Config!$E$11,'Leave Records'!$K:$K,"Pending"))) -> 0 | W43: =IF($B43="","",T43-U43) -> 0 | X43: =IF($B43="","",E43+I43+M43+Q43+U43) -> 4
A44: =IF(B44="","",ROW()-4) -> 40 | B44: =IF(Config!$B$46="","",Config!$B$46) -> Ismat Tasnia | C44: =IF(Config!$B$46="","",Config!$C$46) -> Assistant Teacher | D44: =IF($B44="","",IFERROR(Config!$F$7,0)) -> 10 | E44: =IF($B44="","",IF(Config!$E$7="",0,SUMIFS('Leave Records'!$I:$I,'Leave Records'!$B:$B,$B44,'Leave Records'!$D:$D,Config!$E$7,'Leave Records'!$K:$K,"Approved"))) -> 0 | F44: =IF($B44="","",IF(Config!$E$7="",0,SUMIFS('Leave Records'!$I:$I,'Leave Records'!$B:$B,$B44,'Leave Records'!$D:$D,Config!$E$7,'Leave Records'!$K:$K,"Pending"))) -> 0 | G44: =IF($B44="","",D44-E44) -> 10 | H44: =IF($B44="","",IFERROR(Config!$F$8,0)) -> 5 | I44: =IF($B44="","",IF(Config!$E$8="",0,SUMIFS('Leave Records'!$I:$I,'Leave Records'!$B:$B,$B44,'Leave Records'!$D:$D,Config!$E$8,'Leave Records'!$K:$K,"Approved"))) -> 1 | J44: =IF($B44="","",IF(Config!$E$8="",0,SUMIFS('Leave Records'!$I:$I,'Leave Records'!$B:$B,$B44,'Leave Records'!$D:$D,Config!$E$8,'Leave Records'!$K:$K,"Pending"))) -> 0 | K44: =IF($B44="","",H44-I44) -> 4 | L44: =IF($B44="","",IFERROR(Config!$F$9,0)) -> 0 | M44: =IF($B44="","",IF(Config!$E$9="",0,SUMIFS('Leave Records'!$I:$I,'Leave Records'!$B:$B,$B44,'Leave Records'!$D:$D,Config!$E$9,'Leave Records'!$K:$K,"Approved"))) -> 0 | N44: =IF($B44="","",IF(Config!$E$9="",0,SUMIFS('Leave Records'!$I:$I,'Leave Records'!$B:$B,$B44,'Leave Records'!$D:$D,Config!$E$9,'Leave Records'!$K:$K,"Pending"))) -> 0 | O44: =IF($B44="","",L44-M44) -> 0 | P44: =IF($B44="","",IFERROR(Config!$F$10,0)) -> 0 | Q44: =IF($B44="","",IF(Config!$E$10="",0,SUMIFS('Leave Records'!$I:$I,'Leave Records'!$B:$B,$B44,'Leave Records'!$D:$D,Config!$E$10,'Leave Records'!$K:$K,"Approved"))) -> 0 | R44: =IF($B44="","",IF(Config!$E$10="",0,SUMIFS('Leave Records'!$I:$I,'Leave Records'!$B:$B,$B44,'Leave Records'!$D:$D,Config!$E$10,'Leave Records'!$K:$K,"Pending"))) -> 0 | S44: =IF($B44="","",P44-Q44) -> 0 | T44: =IF($B44="","",IFERROR(Config!$F$11,0)) -> 0 | U44: =IF($B44="","",IF(Config!$E$11="",0,SUMIFS('Leave Records'!$I:$I,'Leave Records'!$B:$B,$B44,'Leave Records'!$D:$D,Config!$E$11,'Leave Records'!$K:$K,"Approved"))) -> 0 | V44: =IF($B44="","",IF(Config!$E$11="",0,SUMIFS('Leave Records'!$I:$I,'Leave Records'!$B:$B,$B44,'Leave Records'!$D:$D,Config!$E$11,'Leave Records'!$K:$K,"Pending"))) -> 0 | W44: =IF($B44="","",T44-U44) -> 0 | X44: =IF($B44="","",E44+I44+M44+Q44+U44) -> 1
A45: =IF(B45="","",ROW()-4) -> 41 | B45: =IF(Config!$B$47="","",Config!$B$47) -> Ayesha Siddika Ruba | C45: =IF(Config!$B$47="","",Config!$C$47) -> Subject Teacher | D45: =IF($B45="","",IFERROR(Config!$F$7,0)) -> 10 | E45: =IF($B45="","",IF(Config!$E$7="",0,SUMIFS('Leave Records'!$I:$I,'Leave Records'!$B:$B,$B45,'Leave Records'!$D:$D,Config!$E$7,'Leave Records'!$K:$K,"Approved"))) -> 3 | F45: =IF($B45="","",IF(Config!$E$7="",0,SUMIFS('Leave Records'!$I:$I,'Leave Records'!$B:$B,$B45,'Leave Records'!$D:$D,Config!$E$7,'Leave Records'!$K:$K,"Pending"))) -> 0 | G45: =IF($B45="","",D45-E45) -> 7 | H45: =IF($B45="","",IFERROR(Config!$F$8,0)) -> 5 | I45: =IF($B45="","",IF(Config!$E$8="",0,SUMIFS('Leave Records'!$I:$I,'Leave Records'!$B:$B,$B45,'Leave Records'!$D:$D,Config!$E$8,'Leave Records'!$K:$K,"Approved"))) -> 1 | J45: =IF($B45="","",IF(Config!$E$8="",0,SUMIFS('Leave Records'!$I:$I,'Leave Records'!$B:$B,$B45,'Leave Records'!$D:$D,Config!$E$8,'Leave Records'!$K:$K,"Pending"))) -> 0 | K45: =IF($B45="","",H45-I45) -> 4 | L45: =IF($B45="","",IFERROR(Config!$F$9,0)) -> 0 | M45: =IF($B45="","",IF(Config!$E$9="",0,SUMIFS('Leave Records'!$I:$I,'Leave Records'!$B:$B,$B45,'Leave Records'!$D:$D,Config!$E$9,'Leave Records'!$K:$K,"Approved"))) -> 0 | N45: =IF($B45="","",IF(Config!$E$9="",0,SUMIFS('Leave Records'!$I:$I,'Leave Records'!$B:$B,$B45,'Leave Records'!$D:$D,Config!$E$9,'Leave Records'!$K:$K,"Pending"))) -> 0 | O45: =IF($B45="","",L45-M45) -> 0 | P45: =IF($B45="","",IFERROR(Config!$F$10,0)) -> 0 | Q45: =IF($B45="","",IF(Config!$E$10="",0,SUMIFS('Leave Records'!$I:$I,'Leave Records'!$B:$B,$B45,'Leave Records'!$D:$D,Config!$E$10,'Leave Records'!$K:$K,"Approved"))) -> 0 | R45: =IF($B45="","",IF(Config!$E$10="",0,SUMIFS('Leave Records'!$I:$I,'Leave Records'!$B:$B,$B45,'Leave Records'!$D:$D,Config!$E$10,'Leave Records'!$K:$K,"Pending"))) -> 0 | S45: =IF($B45="","",P45-Q45) -> 0 | T45: =IF($B45="","",IFERROR(Config!$F$11,0)) -> 0 | U45: =IF($B45="","",IF(Config!$E$11="",0,SUMIFS('Leave Records'!$I:$I,'Leave Records'!$B:$B,$B45,'Leave Records'!$D:$D,Config!$E$11,'Leave Records'!$K:$K,"Approved"))) -> 0 | V45: =IF($B45="","",IF(Config!$E$11="",0,SUMIFS('Leave Records'!$I:$I,'Leave Records'!$B:$B,$B45,'Leave Records'!$D:$D,Config!$E$11,'Leave Records'!$K:$K,"Pending"))) -> 0 | W45: =IF($B45="","",T45-U45) -> 0 | X45: =IF($B45="","",E45+I45+M45+Q45+U45) -> 4
A46: =IF(B46="","",ROW()-4) -> 42 | B46: =IF(Config!$B$48="","",Config!$B$48) -> Jannatur Rahman | C46: =IF(Config!$B$48="","",Config!$C$48) | D46: =IF($B46="","",IFERROR(Config!$F$7,0)) -> 10 | E46: =IF($B46="","",IF(Config!$E$7="",0,SUMIFS('Leave Records'!$I:$I,'Leave Records'!$B:$B,$B46,'Leave Records'!$D:$D,Config!$E$7,'Leave Records'!$K:$K,"Approved"))) -> 1 | F46: =IF($B46="","",IF(Config!$E$7="",0,SUMIFS('Leave Records'!$I:$I,'Leave Records'!$B:$B,$B46,'Leave Records'!$D:$D,Config!$E$7,'Leave Records'!$K:$K,"Pending"))) -> 0 | G46: =IF($B46="","",D46-E46) -> 9 | H46: =IF($B46="","",IFERROR(Config!$F$8,0)) -> 5 | I46: =IF($B46="","",IF(Config!$E$8="",0,SUMIFS('Leave Records'!$I:$I,'Leave Records'!$B:$B,$B46,'Leave Records'!$D:$D,Config!$E$8,'Leave Records'!$K:$K,"Approved"))) -> 0 | J46: =IF($B46="","",IF(Config!$E$8="",0,SUMIFS('Leave Records'!$I:$I,'Leave Records'!$B:$B,$B46,'Leave Records'!$D:$D,Config!$E$8,'Leave Records'!$K:$K,"Pending"))) -> 0 | K46: =IF($B46="","",H46-I46) -> 5 | L46: =IF($B46="","",IFERROR(Config!$F$9,0)) -> 0 | M46: =IF($B46="","",IF(Config!$E$9="",0,SUMIFS('Leave Records'!$I:$I,'Leave Records'!$B:$B,$B46,'Leave Records'!$D:$D,Config!$E$9,'Leave Records'!$K:$K,"Approved"))) -> 0 | N46: =IF($B46="","",IF(Config!$E$9="",0,SUMIFS('Leave Records'!$I:$I,'Leave Records'!$B:$B,$B46,'Leave Records'!$D:$D,Config!$E$9,'Leave Records'!$K:$K,"Pending"))) -> 0 | O46: =IF($B46="","",L46-M46) -> 0 | P46: =IF($B46="","",IFERROR(Config!$F$10,0)) -> 0 | Q46: =IF($B46="","",IF(Config!$E$10="",0,SUMIFS('Leave Records'!$I:$I,'Leave Records'!$B:$B,$B46,'Leave Records'!$D:$D,Config!$E$10,'Leave Records'!$K:$K,"Approved"))) -> 0 | R46: =IF($B46="","",IF(Config!$E$10="",0,SUMIFS('Leave Records'!$I:$I,'Leave Records'!$B:$B,$B46,'Leave Records'!$D:$D,Config!$E$10,'Leave Records'!$K:$K,"Pending"))) -> 0 | S46: =IF($B46="","",P46-Q46) -> 0 | T46: =IF($B46="","",IFERROR(Config!$F$11,0)) -> 0 | U46: =IF($B46="","",IF(Config!$E$11="",0,SUMIFS('Leave Records'!$I:$I,'Leave Records'!$B:$B,$B46,'Leave Records'!$D:$D,Config!$E$11,'Leave Records'!$K:$K,"Approved"))) -> 0 | V46: =IF($B46="","",IF(Config!$E$11="",0,SUMIFS('Leave Records'!$I:$I,'Leave Records'!$B:$B,$B46,'Leave Records'!$D:$D,Config!$E$11,'Leave Records'!$K:$K,"Pending"))) -> 0 | W46: =IF($B46="","",T46-U46) -> 0 | X46: =IF($B46="","",E46+I46+M46+Q46+U46) -> 1
A47: =IF(B47="","",ROW()-4) -> 43 | B47: =IF(Config!$B$49="","",Config!$B$49) -> Sultana Yasmin Geeti | C47: =IF(Config!$B$49="","",Config!$C$49) | D47: =IF($B47="","",IFERROR(Config!$F$7,0)) -> 10 | E47: =IF($B47="","",IF(Config!$E$7="",0,SUMIFS('Leave Records'!$I:$I,'Leave Records'!$B:$B,$B47,'Leave Records'!$D:$D,Config!$E$7,'Leave Records'!$K:$K,"Approved"))) -> 1 | F47: =IF($B47="","",IF(Config!$E$7="",0,SUMIFS('Leave Records'!$I:$I,'Leave Records'!$B:$B,$B47,'Leave Records'!$D:$D,Config!$E$7,'Leave Records'!$K:$K,"Pending"))) -> 0 | G47: =IF($B47="","",D47-E47) -> 9 | H47: =IF($B47="","",IFERROR(Config!$F$8,0)) -> 5 | I47: =IF($B47="","",IF(Config!$E$8="",0,SUMIFS('Leave Records'!$I:$I,'Leave Records'!$B:$B,$B47,'Leave Records'!$D:$D,Config!$E$8,'Leave Records'!$K:$K,"Approved"))) -> 0 | J47: =IF($B47="","",IF(Config!$E$8="",0,SUMIFS('Leave Records'!$I:$I,'Leave Records'!$B:$B,$B47,'Leave Records'!$D:$D,Config!$E$8,'Leave Records'!$K:$K,"Pending"))) -> 0 | K47: =IF($B47="","",H47-I47) -> 5 | L47: =IF($B47="","",IFERROR(Config!$F$9,0)) -> 0 | M47: =IF($B47="","",IF(Config!$E$9="",0,SUMIFS('Leave Records'!$I:$I,'Leave Records'!$B:$B,$B47,'Leave Records'!$D:$D,Config!$E$9,'Leave Records'!$K:$K,"Approved"))) -> 0 | N47: =IF($B47="","",IF(Config!$E$9="",0,SUMIFS('Leave Records'!$I:$I,'Leave Records'!$B:$B,$B47,'Leave Records'!$D:$D,Config!$E$9,'Leave Records'!$K:$K,"Pending"))) -> 0 | O47: =IF($B47="","",L47-M47) -> 0 | P47: =IF($B47="","",IFERROR(Config!$F$10,0)) -> 0 | Q47: =IF($B47="","",IF(Config!$E$10="",0,SUMIFS('Leave Records'!$I:$I,'Leave Records'!$B:$B,$B47,'Leave Records'!$D:$D,Config!$E$10,'Leave Records'!$K:$K,"Approved"))) -> 0 | R47: =IF($B47="","",IF(Config!$E$10="",0,SUMIFS('Leave Records'!$I:$I,'Leave Records'!$B:$B,$B47,'Leave Records'!$D:$D,Config!$E$10,'Leave Records'!$K:$K,"Pending"))) -> 0 | S47: =IF($B47="","",P47-Q47) -> 0 | T47: =IF($B47="","",IFERROR(Config!$F$11,0)) -> 0 | U47: =IF($B47="","",IF(Config!$E$11="",0,SUMIFS('Leave Records'!$I:$I,'Leave Records'!$B:$B,$B47,'Leave Records'!$D:$D,Config!$E$11,'Leave Records'!$K:$K,"Approved"))) -> 0 | V47: =IF($B47="","",IF(Config!$E$11="",0,SUMIFS('Leave Records'!$I:$I,'Leave Records'!$B:$B,$B47,'Leave Records'!$D:$D,Config!$E$11,'Leave Records'!$K:$K,"Pending"))) -> 0 | W47: =IF($B47="","",T47-U47) -> 0 | X47: =IF($B47="","",E47+I47+M47+Q47+U47) -> 1
A48: =IF(B48="","",ROW()-4) -> 44 | B48: =IF(Config!$B$50="","",Config!$B$50) -> Shaila Parvin | C48: =IF(Config!$B$50="","",Config!$C$50) | D48: =IF($B48="","",IFERROR(Config!$F$7,0)) -> 10 | E48: =IF($B48="","",IF(Config!$E$7="",0,SUMIFS('Leave Records'!$I:$I,'Leave Records'!$B:$B,$B48,'Leave Records'!$D:$D,Config!$E$7,'Leave Records'!$K:$K,"Approved"))) -> 1 | F48: =IF($B48="","",IF(Config!$E$7="",0,SUMIFS('Leave Records'!$I:$I,'Leave Records'!$B:$B,$B48,'Leave Records'!$D:$D,Config!$E$7,'Leave Records'!$K:$K,"Pending"))) -> 0 | G48: =IF($B48="","",D48-E48) -> 9 | H48: =IF($B48="","",IFERROR(Config!$F$8,0)) -> 5 | I48: =IF($B48="","",IF(Config!$E$8="",0,SUMIFS('Leave Records'!$I:$I,'Leave Records'!$B:$B,$B48,'Leave Records'!$D:$D,Config!$E$8,'Leave Records'!$K:$K,"Approved"))) -> 0 | J48: =IF($B48="","",IF(Config!$E$8="",0,SUMIFS('Leave Records'!$I:$I,'Leave Records'!$B:$B,$B48,'Leave Records'!$D:$D,Config!$E$8,'Leave Records'!$K:$K,"Pending"))) -> 0 | K48: =IF($B48="","",H48-I48) -> 5 | L48: =IF($B48="","",IFERROR(Config!$F$9,0)) -> 0 | M48: =IF($B48="","",IF(Config!$E$9="",0,SUMIFS('Leave Records'!$I:$I,'Leave Records'!$B:$B,$B48,'Leave Records'!$D:$D,Config!$E$9,'Leave Records'!$K:$K,"Approved"))) -> 0 | N48: =IF($B48="","",IF(Config!$E$9="",0,SUMIFS('Leave Records'!$I:$I,'Leave Records'!$B:$B,$B48,'Leave Records'!$D:$D,Config!$E$9,'Leave Records'!$K:$K,"Pending"))) -> 0 | O48: =IF($B48="","",L48-M48) -> 0 | P48: =IF($B48="","",IFERROR(Config!$F$10,0)) -> 0 | Q48: =IF($B48="","",IF(Config!$E$10="",0,SUMIFS('Leave Records'!$I:$I,'Leave Records'!$B:$B,$B48,'Leave Records'!$D:$D,Config!$E$10,'Leave Records'!$K:$K,"Approved"))) -> 0 | R48: =IF($B48="","",IF(Config!$E$10="",0,SUMIFS('Leave Records'!$I:$I,'Leave Records'!$B:$B,$B48,'Leave Records'!$D:$D,Config!$E$10,'Leave Records'!$K:$K,"Pending"))) -> 0 | S48: =IF($B48="","",P48-Q48) -> 0 | T48: =IF($B48="","",IFERROR(Config!$F$11,0)) -> 0 | U48: =IF($B48="","",IF(Config!$E$11="",0,SUMIFS('Leave Records'!$I:$I,'Leave Records'!$B:$B,$B48,'Leave Records'!$D:$D,Config!$E$11,'Leave Records'!$K:$K,"Approved"))) -> 0 | V48: =IF($B48="","",IF(Config!$E$11="",0,SUMIFS('Leave Records'!$I:$I,'Leave Records'!$B:$B,$B48,'Leave Records'!$D:$D,Config!$E$11,'Leave Records'!$K:$K,"Pending"))) -> 0 | W48: =IF($B48="","",T48-U48) -> 0 | X48: =IF($B48="","",E48+I48+M48+Q48+U48) -> 1
A49: =IF(B49="","",ROW()-4) -> 45 | B49: =IF(Config!$B$51="","",Config!$B$51) -> Ashik Bhuiyan | C49: =IF(Config!$B$51="","",Config!$C$51) | D49: =IF($B49="","",IFERROR(Config!$F$7,0)) -> 10 | E49: =IF($B49="","",IF(Config!$E$7="",0,SUMIFS('Leave Records'!$I:$I,'Leave Records'!$B:$B,$B49,'Leave Records'!$D:$D,Config!$E$7,'Leave Records'!$K:$K,"Approved"))) -> 0 | F49: =IF($B49="","",IF(Config!$E$7="",0,SUMIFS('Leave Records'!$I:$I,'Leave Records'!$B:$B,$B49,'Leave Records'!$D:$D,Config!$E$7,'Leave Records'!$K:$K,"Pending"))) -> 0 | G49: =IF($B49="","",D49-E49) -> 10 | H49: =IF($B49="","",IFERROR(Config!$F$8,0)) -> 5 | I49: =IF($B49="","",IF(Config!$E$8="",0,SUMIFS('Leave Records'!$I:$I,'Leave Records'!$B:$B,$B49,'Leave Records'!$D:$D,Config!$E$8,'Leave Records'!$K:$K,"Approved"))) -> 0 | J49: =IF($B49="","",IF(Config!$E$8="",0,SUMIFS('Leave Records'!$I:$I,'Leave Records'!$B:$B,$B49,'Leave Records'!$D:$D,Config!$E$8,'Leave Records'!$K:$K,"Pending"))) -> 0 | K49: =IF($B49="","",H49-I49) -> 5 | L49: =IF($B49="","",IFERROR(Config!$F$9,0)) -> 0 | M49: =IF($B49="","",IF(Config!$E$9="",0,SUMIFS('Leave Records'!$I:$I,'Leave Records'!$B:$B,$B49,'Leave Records'!$D:$D,Config!$E$9,'Leave Records'!$K:$K,"Approved"))) -> 0 | N49: =IF($B49="","",IF(Config!$E$9="",0,SUMIFS('Leave Records'!$I:$I,'Leave Records'!$B:$B,$B49,'Leave Records'!$D:$D,Config!$E$9,'Leave Records'!$K:$K,"Pending"))) -> 0 | O49: =IF($B49="","",L49-M49) -> 0 | P49: =IF($B49="","",IFERROR(Config!$F$10,0)) -> 0 | Q49: =IF($B49="","",IF(Config!$E$10="",0,SUMIFS('Leave Records'!$I:$I,'Leave Records'!$B:$B,$B49,'Leave Records'!$D:$D,Config!$E$10,'Leave Records'!$K:$K,"Approved"))) -> 0 | R49: =IF($B49="","",IF(Config!$E$10="",0,SUMIFS('Leave Records'!$I:$I,'Leave Records'!$B:$B,$B49,'Leave Records'!$D:$D,Config!$E$10,'Leave Records'!$K:$K,"Pending"))) -> 0 | S49: =IF($B49="","",P49-Q49) -> 0 | T49: =IF($B49="","",IFERROR(Config!$F$11,0)) -> 0 | U49: =IF($B49="","",IF(Config!$E$11="",0,SUMIFS('Leave Records'!$I:$I,'Leave Records'!$B:$B,$B49,'Leave Records'!$D:$D,Config!$E$11,'Leave Records'!$K:$K,"Approved"))) -> 0 | V49: =IF($B49="","",IF(Config!$E$11="",0,SUMIFS('Leave Records'!$I:$I,'Leave Records'!$B:$B,$B49,'Leave Records'!$D:$D,Config!$E$11,'Leave Records'!$K:$K,"Pending"))) -> 0 | W49: =IF($B49="","",T49-U49) -> 0 | X49: =IF($B49="","",E49+I49+M49+Q49+U49) -> 0
A50: =IF(B50="","",ROW()-4) -> 46 | B50: =IF(Config!$B$52="","",Config!$B$52) -> Md Helal Uddin | C50: =IF(Config!$B$52="","",Config!$C$52) | D50: =IF($B50="","",IFERROR(Config!$F$7,0)) -> 10 | E50: =IF($B50="","",IF(Config!$E$7="",0,SUMIFS('Leave Records'!$I:$I,'Leave Records'!$B:$B,$B50,'Leave Records'!$D:$D,Config!$E$7,'Leave Records'!$K:$K,"Approved"))) -> 0 | F50: =IF($B50="","",IF(Config!$E$7="",0,SUMIFS('Leave Records'!$I:$I,'Leave Records'!$B:$B,$B50,'Leave Records'!$D:$D,Config!$E$7,'Leave Records'!$K:$K,"Pending"))) -> 0 | G50: =IF($B50="","",D50-E50) -> 10 | H50: =IF($B50="","",IFERROR(Config!$F$8,0)) -> 5 | I50: =IF($B50="","",IF(Config!$E$8="",0,SUMIFS('Leave Records'!$I:$I,'Leave Records'!$B:$B,$B50,'Leave Records'!$D:$D,Config!$E$8,'Leave Records'!$K:$K,"Approved"))) -> 0 | J50: =IF($B50="","",IF(Config!$E$8="",0,SUMIFS('Leave Records'!$I:$I,'Leave Records'!$B:$B,$B50,'Leave Records'!$D:$D,Config!$E$8,'Leave Records'!$K:$K,"Pending"))) -> 0 | K50: =IF($B50="","",H50-I50) -> 5 | L50: =IF($B50="","",IFERROR(Config!$F$9,0)) -> 0 | M50: =IF($B50="","",IF(Config!$E$9="",0,SUMIFS('Leave Records'!$I:$I,'Leave Records'!$B:$B,$B50,'Leave Records'!$D:$D,Config!$E$9,'Leave Records'!$K:$K,"Approved"))) -> 0 | N50: =IF($B50="","",IF(Config!$E$9="",0,SUMIFS('Leave Records'!$I:$I,'Leave Records'!$B:$B,$B50,'Leave Records'!$D:$D,Config!$E$9,'Leave Records'!$K:$K,"Pending"))) -> 0 | O50: =IF($B50="","",L50-M50) -> 0 | P50: =IF($B50="","",IFERROR(Config!$F$10,0)) -> 0 | Q50: =IF($B50="","",IF(Config!$E$10="",0,SUMIFS('Leave Records'!$I:$I,'Leave Records'!$B:$B,$B50,'Leave Records'!$D:$D,Config!$E$10,'Leave Records'!$K:$K,"Approved"))) -> 0 | R50: =IF($B50="","",IF(Config!$E$10="",0,SUMIFS('Leave Records'!$I:$I,'Leave Records'!$B:$B,$B50,'Leave Records'!$D:$D,Config!$E$10,'Leave Records'!$K:$K,"Pending"))) -> 0 | S50: =IF($B50="","",P50-Q50) -> 0 | T50: =IF($B50="","",IFERROR(Config!$F$11,0)) -> 0 | U50: =IF($B50="","",IF(Config!$E$11="",0,SUMIFS('Leave Records'!$I:$I,'Leave Records'!$B:$B,$B50,'Leave Records'!$D:$D,Config!$E$11,'Leave Records'!$K:$K,"Approved"))) -> 0 | V50: =IF($B50="","",IF(Config!$E$11="",0,SUMIFS('Leave Records'!$I:$I,'Leave Records'!$B:$B,$B50,'Leave Records'!$D:$D,Config!$E$11,'Leave Records'!$K:$K,"Pending"))) -> 0 | W50: =IF($B50="","",T50-U50) -> 0 | X50: =IF($B50="","",E50+I50+M50+Q50+U50) -> 0
A51: =IF(B51="","",ROW()-4) -> 47 | B51: =IF(Config!$B$53="","",Config!$B$53) -> Shahida | C51: =IF(Config!$B$53="","",Config!$C$53) | D51: =IF($B51="","",IFERROR(Config!$F$7,0)) -> 10 | E51: =IF($B51="","",IF(Config!$E$7="",0,SUMIFS('Leave Records'!$I:$I,'Leave Records'!$B:$B,$B51,'Leave Records'!$D:$D,Config!$E$7,'Leave Records'!$K:$K,"Approved"))) -> 0 | F51: =IF($B51="","",IF(Config!$E$7="",0,SUMIFS('Leave Records'!$I:$I,'Leave Records'!$B:$B,$B51,'Leave Records'!$D:$D,Config!$E$7,'Leave Records'!$K:$K,"Pending"))) -> 0 | G51: =IF($B51="","",D51-E51) -> 10 | H51: =IF($B51="","",IFERROR(Config!$F$8,0)) -> 5 | I51: =IF($B51="","",IF(Config!$E$8="",0,SUMIFS('Leave Records'!$I:$I,'Leave Records'!$B:$B,$B51,'Leave Records'!$D:$D,Config!$E$8,'Leave Records'!$K:$K,"Approved"))) -> 0 | J51: =IF($B51="","",IF(Config!$E$8="",0,SUMIFS('Leave Records'!$I:$I,'Leave Records'!$B:$B,$B51,'Leave Records'!$D:$D,Config!$E$8,'Leave Records'!$K:$K,"Pending"))) -> 0 | K51: =IF($B51="","",H51-I51) -> 5 | L51: =IF($B51="","",IFERROR(Config!$F$9,0)) -> 0 | M51: =IF($B51="","",IF(Config!$E$9="",0,SUMIFS('Leave Records'!$I:$I,'Leave Records'!$B:$B,$B51,'Leave Records'!$D:$D,Config!$E$9,'Leave Records'!$K:$K,"Approved"))) -> 0 | N51: =IF($B51="","",IF(Config!$E$9="",0,SUMIFS('Leave Records'!$I:$I,'Leave Records'!$B:$B,$B51,'Leave Records'!$D:$D,Config!$E$9,'Leave Records'!$K:$K,"Pending"))) -> 0 | O51: =IF($B51="","",L51-M51) -> 0 | P51: =IF($B51="","",IFERROR(Config!$F$10,0)) -> 0 | Q51: =IF($B51="","",IF(Config!$E$10="",0,SUMIFS('Leave Records'!$I:$I,'Leave Records'!$B:$B,$B51,'Leave Records'!$D:$D,Config!$E$10,'Leave Records'!$K:$K,"Approved"))) -> 0 | R51: =IF($B51="","",IF(Config!$E$10="",0,SUMIFS('Leave Records'!$I:$I,'Leave Records'!$B:$B,$B51,'Leave Records'!$D:$D,Config!$E$10,'Leave Records'!$K:$K,"Pending"))) -> 0 | S51: =IF($B51="","",P51-Q51) -> 0 | T51: =IF($B51="","",IFERROR(Config!$F$11,0)) -> 0 | U51: =IF($B51="","",IF(Config!$E$11="",0,SUMIFS('Leave Records'!$I:$I,'Leave Records'!$B:$B,$B51,'Leave Records'!$D:$D,Config!$E$11,'Leave Records'!$K:$K,"Approved"))) -> 0 | V51: =IF($B51="","",IF(Config!$E$11="",0,SUMIFS('Leave Records'!$I:$I,'Leave Records'!$B:$B,$B51,'Leave Records'!$D:$D,Config!$E$11,'Leave Records'!$K:$K,"Pending"))) -> 0 | W51: =IF($B51="","",T51-U51) -> 0 | X51: =IF($B51="","",E51+I51+M51+Q51+U51) -> 0
A52: =IF(B52="","",ROW()-4) -> 48 | B52: =IF(Config!$B$54="","",Config!$B$54) -> Rabeya Rima | C52: =IF(Config!$B$54="","",Config!$C$54) | D52: =IF($B52="","",IFERROR(Config!$F$7,0)) -> 10 | E52: =IF($B52="","",IF(Config!$E$7="",0,SUMIFS('Leave Records'!$I:$I,'Leave Records'!$B:$B,$B52,'Leave Records'!$D:$D,Config!$E$7,'Leave Records'!$K:$K,"Approved"))) -> 0 | F52: =IF($B52="","",IF(Config!$E$7="",0,SUMIFS('Leave Records'!$I:$I,'Leave Records'!$B:$B,$B52,'Leave Records'!$D:$D,Config!$E$7,'Leave Records'!$K:$K,"Pending"))) -> 0 | G52: =IF($B52="","",D52-E52) -> 10 | H52: =IF($B52="","",IFERROR(Config!$F$8,0)) -> 5 | I52: =IF($B52="","",IF(Config!$E$8="",0,SUMIFS('Leave Records'!$I:$I,'Leave Records'!$B:$B,$B52,'Leave Records'!$D:$D,Config!$E$8,'Leave Records'!$K:$K,"Approved"))) -> 0 | J52: =IF($B52="","",IF(Config!$E$8="",0,SUMIFS('Leave Records'!$I:$I,'Leave Records'!$B:$B,$B52,'Leave Records'!$D:$D,Config!$E$8,'Leave Records'!$K:$K,"Pending"))) -> 0 | K52: =IF($B52="","",H52-I52) -> 5 | L52: =IF($B52="","",IFERROR(Config!$F$9,0)) -> 0 | M52: =IF($B52="","",IF(Config!$E$9="",0,SUMIFS('Leave Records'!$I:$I,'Leave Records'!$B:$B,$B52,'Leave Records'!$D:$D,Config!$E$9,'Leave Records'!$K:$K,"Approved"))) -> 0 | N52: =IF($B52="","",IF(Config!$E$9="",0,SUMIFS('Leave Records'!$I:$I,'Leave Records'!$B:$B,$B52,'Leave Records'!$D:$D,Config!$E$9,'Leave Records'!$K:$K,"Pending"))) -> 0 | O52: =IF($B52="","",L52-M52) -> 0 | P52: =IF($B52="","",IFERROR(Config!$F$10,0)) -> 0 | Q52: =IF($B52="","",IF(Config!$E$10="",0,SUMIFS('Leave Records'!$I:$I,'Leave Records'!$B:$B,$B52,'Leave Records'!$D:$D,Config!$E$10,'Leave Records'!$K:$K,"Approved"))) -> 0 | R52: =IF($B52="","",IF(Config!$E$10="",0,SUMIFS('Leave Records'!$I:$I,'Leave Records'!$B:$B,$B52,'Leave Records'!$D:$D,Config!$E$10,'Leave Records'!$K:$K,"Pending"))) -> 0 | S52: =IF($B52="","",P52-Q52) -> 0 | T52: =IF($B52="","",IFERROR(Config!$F$11,0)) -> 0 | U52: =IF($B52="","",IF(Config!$E$11="",0,SUMIFS('Leave Records'!$I:$I,'Leave Records'!$B:$B,$B52,'Leave Records'!$D:$D,Config!$E$11,'Leave Records'!$K:$K,"Approved"))) -> 0 | V52: =IF($B52="","",IF(Config!$E$11="",0,SUMIFS('Leave Records'!$I:$I,'Leave Records'!$B:$B,$B52,'Leave Records'!$D:$D,Config!$E$11,'Leave Records'!$K:$K,"Pending"))) -> 0 | W52: =IF($B52="","",T52-U52) -> 0 | X52: =IF($B52="","",E52+I52+M52+Q52+U52) -> 0
A53: =IF(B53="","",ROW()-4) -> 49 | B53: =IF(Config!$B$55="","",Config!$B$55) -> Moyna | C53: =IF(Config!$B$55="","",Config!$C$55) | D53: =IF($B53="","",IFERROR(Config!$F$7,0)) -> 10 | E53: =IF($B53="","",IF(Config!$E$7="",0,SUMIFS('Leave Records'!$I:$I,'Leave Records'!$B:$B,$B53,'Leave Records'!$D:$D,Config!$E$7,'Leave Records'!$K:$K,"Approved"))) -> 0 | F53: =IF($B53="","",IF(Config!$E$7="",0,SUMIFS('Leave Records'!$I:$I,'Leave Records'!$B:$B,$B53,'Leave Records'!$D:$D,Config!$E$7,'Leave Records'!$K:$K,"Pending"))) -> 0 | G53: =IF($B53="","",D53-E53) -> 10 | H53: =IF($B53="","",IFERROR(Config!$F$8,0)) -> 5 | I53: =IF($B53="","",IF(Config!$E$8="",0,SUMIFS('Leave Records'!$I:$I,'Leave Records'!$B:$B,$B53,'Leave Records'!$D:$D,Config!$E$8,'Leave Records'!$K:$K,"Approved"))) -> 0 | J53: =IF($B53="","",IF(Config!$E$8="",0,SUMIFS('Leave Records'!$I:$I,'Leave Records'!$B:$B,$B53,'Leave Records'!$D:$D,Config!$E$8,'Leave Records'!$K:$K,"Pending"))) -> 0 | K53: =IF($B53="","",H53-I53) -> 5 | L53: =IF($B53="","",IFERROR(Config!$F$9,0)) -> 0 | M53: =IF($B53="","",IF(Config!$E$9="",0,SUMIFS('Leave Records'!$I:$I,'Leave Records'!$B:$B,$B53,'Leave Records'!$D:$D,Config!$E$9,'Leave Records'!$K:$K,"Approved"))) -> 0 | N53: =IF($B53="","",IF(Config!$E$9="",0,SUMIFS('Leave Records'!$I:$I,'Leave Records'!$B:$B,$B53,'Leave Records'!$D:$D,Config!$E$9,'Leave Records'!$K:$K,"Pending"))) -> 0 | O53: =IF($B53="","",L53-M53) -> 0 | P53: =IF($B53="","",IFERROR(Config!$F$10,0)) -> 0 | Q53: =IF($B53="","",IF(Config!$E$10="",0,SUMIFS('Leave Records'!$I:$I,'Leave Records'!$B:$B,$B53,'Leave Records'!$D:$D,Config!$E$10,'Leave Records'!$K:$K,"Approved"))) -> 0 | R53: =IF($B53="","",IF(Config!$E$10="",0,SUMIFS('Leave Records'!$I:$I,'Leave Records'!$B:$B,$B53,'Leave Records'!$D:$D,Config!$E$10,'Leave Records'!$K:$K,"Pending"))) -> 0 | S53: =IF($B53="","",P53-Q53) -> 0 | T53: =IF($B53="","",IFERROR(Config!$F$11,0)) -> 0 | U53: =IF($B53="","",IF(Config!$E$11="",0,SUMIFS('Leave Records'!$I:$I,'Leave Records'!$B:$B,$B53,'Leave Records'!$D:$D,Config!$E$11,'Leave Records'!$K:$K,"Approved"))) -> 0 | V53: =IF($B53="","",IF(Config!$E$11="",0,SUMIFS('Leave Records'!$I:$I,'Leave Records'!$B:$B,$B53,'Leave Records'!$D:$D,Config!$E$11,'Leave Records'!$K:$K,"Pending"))) -> 0 | W53: =IF($B53="","",T53-U53) -> 0 | X53: =IF($B53="","",E53+I53+M53+Q53+U53) -> 0
A54: =IF(B54="","",ROW()-4) -> 50 | B54: =IF(Config!$B$56="","",Config!$B$56) -> Rohima | C54: =IF(Config!$B$56="","",Config!$C$56) | D54: =IF($B54="","",IFERROR(Config!$F$7,0)) -> 10 | E54: =IF($B54="","",IF(Config!$E$7="",0,SUMIFS('Leave Records'!$I:$I,'Leave Records'!$B:$B,$B54,'Leave Records'!$D:$D,Config!$E$7,'Leave Records'!$K:$K,"Approved"))) -> 0 | F54: =IF($B54="","",IF(Config!$E$7="",0,SUMIFS('Leave Records'!$I:$I,'Leave Records'!$B:$B,$B54,'Leave Records'!$D:$D,Config!$E$7,'Leave Records'!$K:$K,"Pending"))) -> 0 | G54: =IF($B54="","",D54-E54) -> 10 | H54: =IF($B54="","",IFERROR(Config!$F$8,0)) -> 5 | I54: =IF($B54="","",IF(Config!$E$8="",0,SUMIFS('Leave Records'!$I:$I,'Leave Records'!$B:$B,$B54,'Leave Records'!$D:$D,Config!$E$8,'Leave Records'!$K:$K,"Approved"))) -> 0 | J54: =IF($B54="","",IF(Config!$E$8="",0,SUMIFS('Leave Records'!$I:$I,'Leave Records'!$B:$B,$B54,'Leave Records'!$D:$D,Config!$E$8,'Leave Records'!$K:$K,"Pending"))) -> 0 | K54: =IF($B54="","",H54-I54) -> 5 | L54: =IF($B54="","",IFERROR(Config!$F$9,0)) -> 0 | M54: =IF($B54="","",IF(Config!$E$9="",0,SUMIFS('Leave Records'!$I:$I,'Leave Records'!$B:$B,$B54,'Leave Records'!$D:$D,Config!$E$9,'Leave Records'!$K:$K,"Approved"))) -> 0 | N54: =IF($B54="","",IF(Config!$E$9="",0,SUMIFS('Leave Records'!$I:$I,'Leave Records'!$B:$B,$B54,'Leave Records'!$D:$D,Config!$E$9,'Leave Records'!$K:$K,"Pending"))) -> 0 | O54: =IF($B54="","",L54-M54) -> 0 | P54: =IF($B54="","",IFERROR(Config!$F$10,0)) -> 0 | Q54: =IF($B54="","",IF(Config!$E$10="",0,SUMIFS('Leave Records'!$I:$I,'Leave Records'!$B:$B,$B54,'Leave Records'!$D:$D,Config!$E$10,'Leave Records'!$K:$K,"Approved"))) -> 0 | R54: =IF($B54="","",IF(Config!$E$10="",0,SUMIFS('Leave Records'!$I:$I,'Leave Records'!$B:$B,$B54,'Leave Records'!$D:$D,Config!$E$10,'Leave Records'!$K:$K,"Pending"))) -> 0 | S54: =IF($B54="","",P54-Q54) -> 0 | T54: =IF($B54="","",IFERROR(Config!$F$11,0)) -> 0 | U54: =IF($B54="","",IF(Config!$E$11="",0,SUMIFS('Leave Records'!$I:$I,'Leave Records'!$B:$B,$B54,'Leave Records'!$D:$D,Config!$E$11,'Leave Records'!$K:$K,"Approved"))) -> 0 | V54: =IF($B54="","",IF(Config!$E$11="",0,SUMIFS('Leave Records'!$I:$I,'Leave Records'!$B:$B,$B54,'Leave Records'!$D:$D,Config!$E$11,'Leave Records'!$K:$K,"Pending"))) -> 0 | W54: =IF($B54="","",T54-U54) -> 0 | X54: =IF($B54="","",E54+I54+M54+Q54+U54) -> 0
A55: =IF(B55="","",ROW()-4) -> 51 | B55: =IF(Config!$B$57="","",Config!$B$57) -> Sharmin | C55: =IF(Config!$B$57="","",Config!$C$57) | D55: =IF($B55="","",IFERROR(Config!$F$7,0)) -> 10 | E55: =IF($B55="","",IF(Config!$E$7="",0,SUMIFS('Leave Records'!$I:$I,'Leave Records'!$B:$B,$B55,'Leave Records'!$D:$D,Config!$E$7,'Leave Records'!$K:$K,"Approved"))) -> 0 | F55: =IF($B55="","",IF(Config!$E$7="",0,SUMIFS('Leave Records'!$I:$I,'Leave Records'!$B:$B,$B55,'Leave Records'!$D:$D,Config!$E$7,'Leave Records'!$K:$K,"Pending"))) -> 0 | G55: =IF($B55="","",D55-E55) -> 10 | H55: =IF($B55="","",IFERROR(Config!$F$8,0)) -> 5 | I55: =IF($B55="","",IF(Config!$E$8="",0,SUMIFS('Leave Records'!$I:$I,'Leave Records'!$B:$B,$B55,'Leave Records'!$D:$D,Config!$E$8,'Leave Records'!$K:$K,"Approved"))) -> 0 | J55: =IF($B55="","",IF(Config!$E$8="",0,SUMIFS('Leave Records'!$I:$I,'Leave Records'!$B:$B,$B55,'Leave Records'!$D:$D,Config!$E$8,'Leave Records'!$K:$K,"Pending"))) -> 0 | K55: =IF($B55="","",H55-I55) -> 5 | L55: =IF($B55="","",IFERROR(Config!$F$9,0)) -> 0 | M55: =IF($B55="","",IF(Config!$E$9="",0,SUMIFS('Leave Records'!$I:$I,'Leave Records'!$B:$B,$B55,'Leave Records'!$D:$D,Config!$E$9,'Leave Records'!$K:$K,"Approved"))) -> 0 | N55: =IF($B55="","",IF(Config!$E$9="",0,SUMIFS('Leave Records'!$I:$I,'Leave Records'!$B:$B,$B55,'Leave Records'!$D:$D,Config!$E$9,'Leave Records'!$K:$K,"Pending"))) -> 0 | O55: =IF($B55="","",L55-M55) -> 0 | P55: =IF($B55="","",IFERROR(Config!$F$10,0)) -> 0 | Q55: =IF($B55="","",IF(Config!$E$10="",0,SUMIFS('Leave Records'!$I:$I,'Leave Records'!$B:$B,$B55,'Leave Records'!$D:$D,Config!$E$10,'Leave Records'!$K:$K,"Approved"))) -> 0 | R55: =IF($B55="","",IF(Config!$E$10="",0,SUMIFS('Leave Records'!$I:$I,'Leave Records'!$B:$B,$B55,'Leave Records'!$D:$D,Config!$E$10,'Leave Records'!$K:$K,"Pending"))) -> 0 | S55: =IF($B55="","",P55-Q55) -> 0 | T55: =IF($B55="","",IFERROR(Config!$F$11,0)) -> 0 | U55: =IF($B55="","",IF(Config!$E$11="",0,SUMIFS('Leave Records'!$I:$I,'Leave Records'!$B:$B,$B55,'Leave Records'!$D:$D,Config!$E$11,'Leave Records'!$K:$K,"Approved"))) -> 0 | V55: =IF($B55="","",IF(Config!$E$11="",0,SUMIFS('Leave Records'!$I:$I,'Leave Records'!$B:$B,$B55,'Leave Records'!$D:$D,Config!$E$11,'Leave Records'!$K:$K,"Pending"))) -> 0 | W55: =IF($B55="","",T55-U55) -> 0 | X55: =IF($B55="","",E55+I55+M55+Q55+U55) -> 0
A56: =IF(B56="","",ROW()-4) -> 52 | B56: =IF(Config!$B$58="","",Config!$B$58) -> Nargis Akter | C56: =IF(Config!$B$58="","",Config!$C$58) | D56: =IF($B56="","",IFERROR(Config!$F$7,0)) -> 10 | E56: =IF($B56="","",IF(Config!$E$7="",0,SUMIFS('Leave Records'!$I:$I,'Leave Records'!$B:$B,$B56,'Leave Records'!$D:$D,Config!$E$7,'Leave Records'!$K:$K,"Approved"))) -> 0 | F56: =IF($B56="","",IF(Config!$E$7="",0,SUMIFS('Leave Records'!$I:$I,'Leave Records'!$B:$B,$B56,'Leave Records'!$D:$D,Config!$E$7,'Leave Records'!$K:$K,"Pending"))) -> 0 | G56: =IF($B56="","",D56-E56) -> 10 | H56: =IF($B56="","",IFERROR(Config!$F$8,0)) -> 5 | I56: =IF($B56="","",IF(Config!$E$8="",0,SUMIFS('Leave Records'!$I:$I,'Leave Records'!$B:$B,$B56,'Leave Records'!$D:$D,Config!$E$8,'Leave Records'!$K:$K,"Approved"))) -> 0 | J56: =IF($B56="","",IF(Config!$E$8="",0,SUMIFS('Leave Records'!$I:$I,'Leave Records'!$B:$B,$B56,'Leave Records'!$D:$D,Config!$E$8,'Leave Records'!$K:$K,"Pending"))) -> 0 | K56: =IF($B56="","",H56-I56) -> 5 | L56: =IF($B56="","",IFERROR(Config!$F$9,0)) -> 0 | M56: =IF($B56="","",IF(Config!$E$9="",0,SUMIFS('Leave Records'!$I:$I,'Leave Records'!$B:$B,$B56,'Leave Records'!$D:$D,Config!$E$9,'Leave Records'!$K:$K,"Approved"))) -> 0 | N56: =IF($B56="","",IF(Config!$E$9="",0,SUMIFS('Leave Records'!$I:$I,'Leave Records'!$B:$B,$B56,'Leave Records'!$D:$D,Config!$E$9,'Leave Records'!$K:$K,"Pending"))) -> 0 | O56: =IF($B56="","",L56-M56) -> 0 | P56: =IF($B56="","",IFERROR(Config!$F$10,0)) -> 0 | Q56: =IF($B56="","",IF(Config!$E$10="",0,SUMIFS('Leave Records'!$I:$I,'Leave Records'!$B:$B,$B56,'Leave Records'!$D:$D,Config!$E$10,'Leave Records'!$K:$K,"Approved"))) -> 0 | R56: =IF($B56="","",IF(Config!$E$10="",0,SUMIFS('Leave Records'!$I:$I,'Leave Records'!$B:$B,$B56,'Leave Records'!$D:$D,Config!$E$10,'Leave Records'!$K:$K,"Pending"))) -> 0 | S56: =IF($B56="","",P56-Q56) -> 0 | T56: =IF($B56="","",IFERROR(Config!$F$11,0)) -> 0 | U56: =IF($B56="","",IF(Config!$E$11="",0,SUMIFS('Leave Records'!$I:$I,'Leave Records'!$B:$B,$B56,'Leave Records'!$D:$D,Config!$E$11,'Leave Records'!$K:$K,"Approved"))) -> 0 | V56: =IF($B56="","",IF(Config!$E$11="",0,SUMIFS('Leave Records'!$I:$I,'Leave Records'!$B:$B,$B56,'Leave Records'!$D:$D,Config!$E$11,'Leave Records'!$K:$K,"Pending"))) -> 0 | W56: =IF($B56="","",T56-U56) -> 0 | X56: =IF($B56="","",E56+I56+M56+Q56+U56) -> 0
A57: =IF(B57="","",ROW()-4) -> 53 | B57: =IF(Config!$B$59="","",Config!$B$59) -> Sanjida Islam | C57: =IF(Config!$B$59="","",Config!$C$59) | D57: =IF($B57="","",IFERROR(Config!$F$7,0)) -> 10 | E57: =IF($B57="","",IF(Config!$E$7="",0,SUMIFS('Leave Records'!$I:$I,'Leave Records'!$B:$B,$B57,'Leave Records'!$D:$D,Config!$E$7,'Leave Records'!$K:$K,"Approved"))) -> 14 | F57: =IF($B57="","",IF(Config!$E$7="",0,SUMIFS('Leave Records'!$I:$I,'Leave Records'!$B:$B,$B57,'Leave Records'!$D:$D,Config!$E$7,'Leave Records'!$K:$K,"Pending"))) -> 0 | G57: =IF($B57="","",D57-E57) -> -4 | H57: =IF($B57="","",IFERROR(Config!$F$8,0)) -> 5 | I57: =IF($B57="","",IF(Config!$E$8="",0,SUMIFS('Leave Records'!$I:$I,'Leave Records'!$B:$B,$B57,'Leave Records'!$D:$D,Config!$E$8,'Leave Records'!$K:$K,"Approved"))) -> 0 | J57: =IF($B57="","",IF(Config!$E$8="",0,SUMIFS('Leave Records'!$I:$I,'Leave Records'!$B:$B,$B57,'Leave Records'!$D:$D,Config!$E$8,'Leave Records'!$K:$K,"Pending"))) -> 0 | K57: =IF($B57="","",H57-I57) -> 5 | L57: =IF($B57="","",IFERROR(Config!$F$9,0)) -> 0 | M57: =IF($B57="","",IF(Config!$E$9="",0,SUMIFS('Leave Records'!$I:$I,'Leave Records'!$B:$B,$B57,'Leave Records'!$D:$D,Config!$E$9,'Leave Records'!$K:$K,"Approved"))) -> 0 | N57: =IF($B57="","",IF(Config!$E$9="",0,SUMIFS('Leave Records'!$I:$I,'Leave Records'!$B:$B,$B57,'Leave Records'!$D:$D,Config!$E$9,'Leave Records'!$K:$K,"Pending"))) -> 0 | O57: =IF($B57="","",L57-M57) -> 0 | P57: =IF($B57="","",IFERROR(Config!$F$10,0)) -> 0 | Q57: =IF($B57="","",IF(Config!$E$10="",0,SUMIFS('Leave Records'!$I:$I,'Leave Records'!$B:$B,$B57,'Leave Records'!$D:$D,Config!$E$10,'Leave Records'!$K:$K,"Approved"))) -> 0 | R57: =IF($B57="","",IF(Config!$E$10="",0,SUMIFS('Leave Records'!$I:$I,'Leave Records'!$B:$B,$B57,'Leave Records'!$D:$D,Config!$E$10,'Leave Records'!$K:$K,"Pending"))) -> 0 | S57: =IF($B57="","",P57-Q57) -> 0 | T57: =IF($B57="","",IFERROR(Config!$F$11,0)) -> 0 | U57: =IF($B57="","",IF(Config!$E$11="",0,SUMIFS('Leave Records'!$I:$I,'Leave Records'!$B:$B,$B57,'Leave Records'!$D:$D,Config!$E$11,'Leave Records'!$K:$K,"Approved"))) -> 0 | V57: =IF($B57="","",IF(Config!$E$11="",0,SUMIFS('Leave Records'!$I:$I,'Leave Records'!$B:$B,$B57,'Leave Records'!$D:$D,Config!$E$11,'Leave Records'!$K:$K,"Pending"))) -> 0 | W57: =IF($B57="","",T57-U57) -> 0 | X57: =IF($B57="","",E57+I57+M57+Q57+U57) -> 14
A58: =IF(B58="","",ROW()-4) | B58: =IF(Config!$B$60="","",Config!$B$60) | C58: =IF(Config!$B$60="","",Config!$C$60) | D58: =IF($B58="","",IFERROR(Config!$F$7,0)) | E58: =IF($B58="","",IF(Config!$E$7="",0,SUMIFS('Leave Records'!$I:$I,'Leave Records'!$B:$B,$B58,'Leave Records'!$D:$D,Config!$E$7,'Leave Records'!$K:$K,"Approved"))) | F58: =IF($B58="","",IF(Config!$E$7="",0,SUMIFS('Leave Records'!$I:$I,'Leave Records'!$B:$B,$B58,'Leave Records'!$D:$D,Config!$E$7,'Leave Records'!$K:$K,"Pending"))) | G58: =IF($B58="","",D58-E58) | H58: =IF($B58="","",IFERROR(Config!$F$8,0)) | I58: =IF($B58="","",IF(Config!$E$8="",0,SUMIFS('Leave Records'!$I:$I,'Leave Records'!$B:$B,$B58,'Leave Records'!$D:$D,Config!$E$8,'Leave Records'!$K:$K,"Approved"))) | J58: =IF($B58="","",IF(Config!$E$8="",0,SUMIFS('Leave Records'!$I:$I,'Leave Records'!$B:$B,$B58,'Leave Records'!$D:$D,Config!$E$8,'Leave Records'!$K:$K,"Pending"))) | K58: =IF($B58="","",H58-I58) | L58: =IF($B58="","",IFERROR(Config!$F$9,0)) | M58: =IF($B58="","",IF(Config!$E$9="",0,SUMIFS('Leave Records'!$I:$I,'Leave Records'!$B:$B,$B58,'Leave Records'!$D:$D,Config!$E$9,'Leave Records'!$K:$K,"Approved"))) | N58: =IF($B58="","",IF(Config!$E$9="",0,SUMIFS('Leave Records'!$I:$I,'Leave Records'!$B:$B,$B58,'Leave Records'!$D:$D,Config!$E$9,'Leave Records'!$K:$K,"Pending"))) | O58: =IF($B58="","",L58-M58) | P58: =IF($B58="","",IFERROR(Config!$F$10,0)) | Q58: =IF($B58="","",IF(Config!$E$10="",0,SUMIFS('Leave Records'!$I:$I,'Leave Records'!$B:$B,$B58,'Leave Records'!$D:$D,Config!$E$10,'Leave Records'!$K:$K,"Approved"))) | R58: =IF($B58="","",IF(Config!$E$10="",0,SUMIFS('Leave Records'!$I:$I,'Leave Records'!$B:$B,$B58,'Leave Records'!$D:$D,Config!$E$10,'Leave Records'!$K:$K,"Pending"))) | S58: =IF($B58="","",P58-Q58) | T58: =IF($B58="","",IFERROR(Config!$F$11,0)) | U58: =IF($B58="","",IF(Config!$E$11="",0,SUMIFS('Leave Records'!$I:$I,'Leave Records'!$B:$B,$B58,'Leave Records'!$D:$D,Config!$E$11,'Leave Records'!$K:$K,"Approved"))) | V58: =IF($B58="","",IF(Config!$E$11="",0,SUMIFS('Leave Records'!$I:$I,'Leave Records'!$B:$B,$B58,'Leave Records'!$D:$D,Config!$E$11,'Leave Records'!$K:$K,"Pending"))) | W58: =IF($B58="","",T58-U58) | X58: =IF($B58="","",E58+I58+M58+Q58+U58)
A59: =IF(B59="","",ROW()-4) | B59: =IF(Config!$B$61="","",Config!$B$61) | C59: =IF(Config!$B$61="","",Config!$C$61) | D59: =IF($B59="","",IFERROR(Config!$F$7,0)) | E59: =IF($B59="","",IF(Config!$E$7="",0,SUMIFS('Leave Records'!$I:$I,'Leave Records'!$B:$B,$B59,'Leave Records'!$D:$D,Config!$E$7,'Leave Records'!$K:$K,"Approved"))) | F59: =IF($B59="","",IF(Config!$E$7="",0,SUMIFS('Leave Records'!$I:$I,'Leave Records'!$B:$B,$B59,'Leave Records'!$D:$D,Config!$E$7,'Leave Records'!$K:$K,"Pending"))) | G59: =IF($B59="","",D59-E59) | H59: =IF($B59="","",IFERROR(Config!$F$8,0)) | I59: =IF($B59="","",IF(Config!$E$8="",0,SUMIFS('Leave Records'!$I:$I,'Leave Records'!$B:$B,$B59,'Leave Records'!$D:$D,Config!$E$8,'Leave Records'!$K:$K,"Approved"))) | J59: =IF($B59="","",IF(Config!$E$8="",0,SUMIFS('Leave Records'!$I:$I,'Leave Records'!$B:$B,$B59,'Leave Records'!$D:$D,Config!$E$8,'Leave Records'!$K:$K,"Pending"))) | K59: =IF($B59="","",H59-I59) | L59: =IF($B59="","",IFERROR(Config!$F$9,0)) | M59: =IF($B59="","",IF(Config!$E$9="",0,SUMIFS('Leave Records'!$I:$I,'Leave Records'!$B:$B,$B59,'Leave Records'!$D:$D,Config!$E$9,'Leave Records'!$K:$K,"Approved"))) | N59: =IF($B59="","",IF(Config!$E$9="",0,SUMIFS('Leave Records'!$I:$I,'Leave Records'!$B:$B,$B59,'Leave Records'!$D:$D,Config!$E$9,'Leave Records'!$K:$K,"Pending"))) | O59: =IF($B59="","",L59-M59) | P59: =IF($B59="","",IFERROR(Config!$F$10,0)) | Q59: =IF($B59="","",IF(Config!$E$10="",0,SUMIFS('Leave Records'!$I:$I,'Leave Records'!$B:$B,$B59,'Leave Records'!$D:$D,Config!$E$10,'Leave Records'!$K:$K,"Approved"))) | R59: =IF($B59="","",IF(Config!$E$10="",0,SUMIFS('Leave Records'!$I:$I,'Leave Records'!$B:$B,$B59,'Leave Records'!$D:$D,Config!$E$10,'Leave Records'!$K:$K,"Pending"))) | S59: =IF($B59="","",P59-Q59) | T59: =IF($B59="","",IFERROR(Config!$F$11,0)) | U59: =IF($B59="","",IF(Config!$E$11="",0,SUMIFS('Leave Records'!$I:$I,'Leave Records'!$B:$B,$B59,'Leave Records'!$D:$D,Config!$E$11,'Leave Records'!$K:$K,"Approved"))) | V59: =IF($B59="","",IF(Config!$E$11="",0,SUMIFS('Leave Records'!$I:$I,'Leave Records'!$B:$B,$B59,'Leave Records'!$D:$D,Config!$E$11,'Leave Records'!$K:$K,"Pending"))) | W59: =IF($B59="","",T59-U59) | X59: =IF($B59="","",E59+I59+M59+Q59+U59)
A60: =IF(B60="","",ROW()-4) | B60: =IF(Config!$B$62="","",Config!$B$62) | C60: =IF(Config!$B$62="","",Config!$C$62) | D60: =IF($B60="","",IFERROR(Config!$F$7,0)) | E60: =IF($B60="","",IF(Config!$E$7="",0,SUMIFS('Leave Records'!$I:$I,'Leave Records'!$B:$B,$B60,'Leave Records'!$D:$D,Config!$E$7,'Leave Records'!$K:$K,"Approved"))) | F60: =IF($B60="","",IF(Config!$E$7="",0,SUMIFS('Leave Records'!$I:$I,'Leave Records'!$B:$B,$B60,'Leave Records'!$D:$D,Config!$E$7,'Leave Records'!$K:$K,"Pending"))) | G60: =IF($B60="","",D60-E60) | H60: =IF($B60="","",IFERROR(Config!$F$8,0)) | I60: =IF($B60="","",IF(Config!$E$8="",0,SUMIFS('Leave Records'!$I:$I,'Leave Records'!$B:$B,$B60,'Leave Records'!$D:$D,Config!$E$8,'Leave Records'!$K:$K,"Approved"))) | J60: =IF($B60="","",IF(Config!$E$8="",0,SUMIFS('Leave Records'!$I:$I,'Leave Records'!$B:$B,$B60,'Leave Records'!$D:$D,Config!$E$8,'Leave Records'!$K:$K,"Pending"))) | K60: =IF($B60="","",H60-I60) | L60: =IF($B60="","",IFERROR(Config!$F$9,0)) | M60: =IF($B60="","",IF(Config!$E$9="",0,SUMIFS('Leave Records'!$I:$I,'Leave Records'!$B:$B,$B60,'Leave Records'!$D:$D,Config!$E$9,'Leave Records'!$K:$K,"Approved"))) | N60: =IF($B60="","",IF(Config!$E$9="",0,SUMIFS('Leave Records'!$I:$I,'Leave Records'!$B:$B,$B60,'Leave Records'!$D:$D,Config!$E$9,'Leave Records'!$K:$K,"Pending"))) | O60: =IF($B60="","",L60-M60) | P60: =IF($B60="","",IFERROR(Config!$F$10,0)) | Q60: =IF($B60="","",IF(Config!$E$10="",0,SUMIFS('Leave Records'!$I:$I,'Leave Records'!$B:$B,$B60,'Leave Records'!$D:$D,Config!$E$10,'Leave Records'!$K:$K,"Approved"))) | R60: =IF($B60="","",IF(Config!$E$10="",0,SUMIFS('Leave Records'!$I:$I,'Leave Records'!$B:$B,$B60,'Leave Records'!$D:$D,Config!$E$10,'Leave Records'!$K:$K,"Pending"))) | S60: =IF($B60="","",P60-Q60) | T60: =IF($B60="","",IFERROR(Config!$F$11,0)) | U60: =IF($B60="","",IF(Config!$E$11="",0,SUMIFS('Leave Records'!$I:$I,'Leave Records'!$B:$B,$B60,'Leave Records'!$D:$D,Config!$E$11,'Leave Records'!$K:$K,"Approved"))) | V60: =IF($B60="","",IF(Config!$E$11="",0,SUMIFS('Leave Records'!$I:$I,'Leave Records'!$B:$B,$B60,'Leave Records'!$D:$D,Config!$E$11,'Leave Records'!$K:$K,"Pending"))) | W60: =IF($B60="","",T60-U60) | X60: =IF($B60="","",E60+I60+M60+Q60+U60)
A61: =IF(B61="","",ROW()-4) | B61: =IF(Config!$B$63="","",Config!$B$63) | C61: =IF(Config!$B$63="","",Config!$C$63) | D61: =IF($B61="","",IFERROR(Config!$F$7,0)) | E61: =IF($B61="","",IF(Config!$E$7="",0,SUMIFS('Leave Records'!$I:$I,'Leave Records'!$B:$B,$B61,'Leave Records'!$D:$D,Config!$E$7,'Leave Records'!$K:$K,"Approved"))) | F61: =IF($B61="","",IF(Config!$E$7="",0,SUMIFS('Leave Records'!$I:$I,'Leave Records'!$B:$B,$B61,'Leave Records'!$D:$D,Config!$E$7,'Leave Records'!$K:$K,"Pending"))) | G61: =IF($B61="","",D61-E61) | H61: =IF($B61="","",IFERROR(Config!$F$8,0)) | I61: =IF($B61="","",IF(Config!$E$8="",0,SUMIFS('Leave Records'!$I:$I,'Leave Records'!$B:$B,$B61,'Leave Records'!$D:$D,Config!$E$8,'Leave Records'!$K:$K,"Approved"))) | J61: =IF($B61="","",IF(Config!$E$8="",0,SUMIFS('Leave Records'!$I:$I,'Leave Records'!$B:$B,$B61,'Leave Records'!$D:$D,Config!$E$8,'Leave Records'!$K:$K,"Pending"))) | K61: =IF($B61="","",H61-I61) | L61: =IF($B61="","",IFERROR(Config!$F$9,0)) | M61: =IF($B61="","",IF(Config!$E$9="",0,SUMIFS('Leave Records'!$I:$I,'Leave Records'!$B:$B,$B61,'Leave Records'!$D:$D,Config!$E$9,'Leave Records'!$K:$K,"Approved"))) | N61: =IF($B61="","",IF(Config!$E$9="",0,SUMIFS('Leave Records'!$I:$I,'Leave Records'!$B:$B,$B61,'Leave Records'!$D:$D,Config!$E$9,'Leave Records'!$K:$K,"Pending"))) | O61: =IF($B61="","",L61-M61) | P61: =IF($B61="","",IFERROR(Config!$F$10,0)) | Q61: =IF($B61="","",IF(Config!$E$10="",0,SUMIFS('Leave Records'!$I:$I,'Leave Records'!$B:$B,$B61,'Leave Records'!$D:$D,Config!$E$10,'Leave Records'!$K:$K,"Approved"))) | R61: =IF($B61="","",IF(Config!$E$10="",0,SUMIFS('Leave Records'!$I:$I,'Leave Records'!$B:$B,$B61,'Leave Records'!$D:$D,Config!$E$10,'Leave Records'!$K:$K,"Pending"))) | S61: =IF($B61="","",P61-Q61) | T61: =IF($B61="","",IFERROR(Config!$F$11,0)) | U61: =IF($B61="","",IF(Config!$E$11="",0,SUMIFS('Leave Records'!$I:$I,'Leave Records'!$B:$B,$B61,'Leave Records'!$D:$D,Config!$E$11,'Leave Records'!$K:$K,"Approved"))) | V61: =IF($B61="","",IF(Config!$E$11="",0,SUMIFS('Leave Records'!$I:$I,'Leave Records'!$B:$B,$B61,'Leave Records'!$D:$D,Config!$E$11,'Leave Records'!$K:$K,"Pending"))) | W61: =IF($B61="","",T61-U61) | X61: =IF($B61="","",E61+I61+M61+Q61+U61)
A62: =IF(B62="","",ROW()-4) | B62: =IF(Config!$B$64="","",Config!$B$64) | C62: =IF(Config!$B$64="","",Config!$C$64) | D62: =IF($B62="","",IFERROR(Config!$F$7,0)) | E62: =IF($B62="","",IF(Config!$E$7="",0,SUMIFS('Leave Records'!$I:$I,'Leave Records'!$B:$B,$B62,'Leave Records'!$D:$D,Config!$E$7,'Leave Records'!$K:$K,"Approved"))) | F62: =IF($B62="","",IF(Config!$E$7="",0,SUMIFS('Leave Records'!$I:$I,'Leave Records'!$B:$B,$B62,'Leave Records'!$D:$D,Config!$E$7,'Leave Records'!$K:$K,"Pending"))) | G62: =IF($B62="","",D62-E62) | H62: =IF($B62="","",IFERROR(Config!$F$8,0)) | I62: =IF($B62="","",IF(Config!$E$8="",0,SUMIFS('Leave Records'!$I:$I,'Leave Records'!$B:$B,$B62,'Leave Records'!$D:$D,Config!$E$8,'Leave Records'!$K:$K,"Approved"))) | J62: =IF($B62="","",IF(Config!$E$8="",0,SUMIFS('Leave Records'!$I:$I,'Leave Records'!$B:$B,$B62,'Leave Records'!$D:$D,Config!$E$8,'Leave Records'!$K:$K,"Pending"))) | K62: =IF($B62="","",H62-I62) | L62: =IF($B62="","",IFERROR(Config!$F$9,0)) | M62: =IF($B62="","",IF(Config!$E$9="",0,SUMIFS('Leave Records'!$I:$I,'Leave Records'!$B:$B,$B62,'Leave Records'!$D:$D,Config!$E$9,'Leave Records'!$K:$K,"Approved"))) | N62: =IF($B62="","",IF(Config!$E$9="",0,SUMIFS('Leave Records'!$I:$I,'Leave Records'!$B:$B,$B62,'Leave Records'!$D:$D,Config!$E$9,'Leave Records'!$K:$K,"Pending"))) | O62: =IF($B62="","",L62-M62) | P62: =IF($B62="","",IFERROR(Config!$F$10,0)) | Q62: =IF($B62="","",IF(Config!$E$10="",0,SUMIFS('Leave Records'!$I:$I,'Leave Records'!$B:$B,$B62,'Leave Records'!$D:$D,Config!$E$10,'Leave Records'!$K:$K,"Approved"))) | R62: =IF($B62="","",IF(Config!$E$10="",0,SUMIFS('Leave Records'!$I:$I,'Leave Records'!$B:$B,$B62,'Leave Records'!$D:$D,Config!$E$10,'Leave Records'!$K:$K,"Pending"))) | S62: =IF($B62="","",P62-Q62) | T62: =IF($B62="","",IFERROR(Config!$F$11,0)) | U62: =IF($B62="","",IF(Config!$E$11="",0,SUMIFS('Leave Records'!$I:$I,'Leave Records'!$B:$B,$B62,'Leave Records'!$D:$D,Config!$E$11,'Leave Records'!$K:$K,"Approved"))) | V62: =IF($B62="","",IF(Config!$E$11="",0,SUMIFS('Leave Records'!$I:$I,'Leave Records'!$B:$B,$B62,'Leave Records'!$D:$D,Config!$E$11,'Leave Records'!$K:$K,"Pending"))) | W62: =IF($B62="","",T62-U62) | X62: =IF($B62="","",E62+I62+M62+Q62+U62)
A63: =IF(B63="","",ROW()-4) | B63: =IF(Config!$B$65="","",Config!$B$65) | C63: =IF(Config!$B$65="","",Config!$C$65) | D63: =IF($B63="","",IFERROR(Config!$F$7,0)) | E63: =IF($B63="","",IF(Config!$E$7="",0,SUMIFS('Leave Records'!$I:$I,'Leave Records'!$B:$B,$B63,'Leave Records'!$D:$D,Config!$E$7,'Leave Records'!$K:$K,"Approved"))) | F63: =IF($B63="","",IF(Config!$E$7="",0,SUMIFS('Leave Records'!$I:$I,'Leave Records'!$B:$B,$B63,'Leave Records'!$D:$D,Config!$E$7,'Leave Records'!$K:$K,"Pending"))) | G63: =IF($B63="","",D63-E63) | H63: =IF($B63="","",IFERROR(Config!$F$8,0)) | I63: =IF($B63="","",IF(Config!$E$8="",0,SUMIFS('Leave Records'!$I:$I,'Leave Records'!$B:$B,$B63,'Leave Records'!$D:$D,Config!$E$8,'Leave Records'!$K:$K,"Approved"))) | J63: =IF($B63="","",IF(Config!$E$8="",0,SUMIFS('Leave Records'!$I:$I,'Leave Records'!$B:$B,$B63,'Leave Records'!$D:$D,Config!$E$8,'Leave Records'!$K:$K,"Pending"))) | K63: =IF($B63="","",H63-I63) | L63: =IF($B63="","",IFERROR(Config!$F$9,0)) | M63: =IF($B63="","",IF(Config!$E$9="",0,SUMIFS('Leave Records'!$I:$I,'Leave Records'!$B:$B,$B63,'Leave Records'!$D:$D,Config!$E$9,'Leave Records'!$K:$K,"Approved"))) | N63: =IF($B63="","",IF(Config!$E$9="",0,SUMIFS('Leave Records'!$I:$I,'Leave Records'!$B:$B,$B63,'Leave Records'!$D:$D,Config!$E$9,'Leave Records'!$K:$K,"Pending"))) | O63: =IF($B63="","",L63-M63) | P63: =IF($B63="","",IFERROR(Config!$F$10,0)) | Q63: =IF($B63="","",IF(Config!$E$10="",0,SUMIFS('Leave Records'!$I:$I,'Leave Records'!$B:$B,$B63,'Leave Records'!$D:$D,Config!$E$10,'Leave Records'!$K:$K,"Approved"))) | R63: =IF($B63="","",IF(Config!$E$10="",0,SUMIFS('Leave Records'!$I:$I,'Leave Records'!$B:$B,$B63,'Leave Records'!$D:$D,Config!$E$10,'Leave Records'!$K:$K,"Pending"))) | S63: =IF($B63="","",P63-Q63) | T63: =IF($B63="","",IFERROR(Config!$F$11,0)) | U63: =IF($B63="","",IF(Config!$E$11="",0,SUMIFS('Leave Records'!$I:$I,'Leave Records'!$B:$B,$B63,'Leave Records'!$D:$D,Config!$E$11,'Leave Records'!$K:$K,"Approved"))) | V63: =IF($B63="","",IF(Config!$E$11="",0,SUMIFS('Leave Records'!$I:$I,'Leave Records'!$B:$B,$B63,'Leave Records'!$D:$D,Config!$E$11,'Leave Records'!$K:$K,"Pending"))) | W63: =IF($B63="","",T63-U63) | X63: =IF($B63="","",E63+I63+M63+Q63+U63)
A64: =IF(B64="","",ROW()-4) | B64: =IF(Config!$B$66="","",Config!$B$66) | C64: =IF(Config!$B$66="","",Config!$C$66) | D64: =IF($B64="","",IFERROR(Config!$F$7,0)) | E64: =IF($B64="","",IF(Config!$E$7="",0,SUMIFS('Leave Records'!$I:$I,'Leave Records'!$B:$B,$B64,'Leave Records'!$D:$D,Config!$E$7,'Leave Records'!$K:$K,"Approved"))) | F64: =IF($B64="","",IF(Config!$E$7="",0,SUMIFS('Leave Records'!$I:$I,'Leave Records'!$B:$B,$B64,'Leave Records'!$D:$D,Config!$E$7,'Leave Records'!$K:$K,"Pending"))) | G64: =IF($B64="","",D64-E64) | H64: =IF($B64="","",IFERROR(Config!$F$8,0)) | I64: =IF($B64="","",IF(Config!$E$8="",0,SUMIFS('Leave Records'!$I:$I,'Leave Records'!$B:$B,$B64,'Leave Records'!$D:$D,Config!$E$8,'Leave Records'!$K:$K,"Approved"))) | J64: =IF($B64="","",IF(Config!$E$8="",0,SUMIFS('Leave Records'!$I:$I,'Leave Records'!$B:$B,$B64,'Leave Records'!$D:$D,Config!$E$8,'Leave Records'!$K:$K,"Pending"))) | K64: =IF($B64="","",H64-I64) | L64: =IF($B64="","",IFERROR(Config!$F$9,0)) | M64: =IF($B64="","",IF(Config!$E$9="",0,SUMIFS('Leave Records'!$I:$I,'Leave Records'!$B:$B,$B64,'Leave Records'!$D:$D,Config!$E$9,'Leave Records'!$K:$K,"Approved"))) | N64: =IF($B64="","",IF(Config!$E$9="",0,SUMIFS('Leave Records'!$I:$I,'Leave Records'!$B:$B,$B64,'Leave Records'!$D:$D,Config!$E$9,'Leave Records'!$K:$K,"Pending"))) | O64: =IF($B64="","",L64-M64) | P64: =IF($B64="","",IFERROR(Config!$F$10,0)) | Q64: =IF($B64="","",IF(Config!$E$10="",0,SUMIFS('Leave Records'!$I:$I,'Leave Records'!$B:$B,$B64,'Leave Records'!$D:$D,Config!$E$10,'Leave Records'!$K:$K,"Approved"))) | R64: =IF($B64="","",IF(Config!$E$10="",0,SUMIFS('Leave Records'!$I:$I,'Leave Records'!$B:$B,$B64,'Leave Records'!$D:$D,Config!$E$10,'Leave Records'!$K:$K,"Pending"))) | S64: =IF($B64="","",P64-Q64) | T64: =IF($B64="","",IFERROR(Config!$F$11,0)) | U64: =IF($B64="","",IF(Config!$E$11="",0,SUMIFS('Leave Records'!$I:$I,'Leave Records'!$B:$B,$B64,'Leave Records'!$D:$D,Config!$E$11,'Leave Records'!$K:$K,"Approved"))) | V64: =IF($B64="","",IF(Config!$E$11="",0,SUMIFS('Leave Records'!$I:$I,'Leave Records'!$B:$B,$B64,'Leave Records'!$D:$D,Config!$E$11,'Leave Records'!$K:$K,"Pending"))) | W64: =IF($B64="","",T64-U64) | X64: =IF($B64="","",E64+I64+M64+Q64+U64)
A65: =IF(B65="","",ROW()-4) | B65: =IF(Config!$B$67="","",Config!$B$67) | C65: =IF(Config!$B$67="","",Config!$C$67) | D65: =IF($B65="","",IFERROR(Config!$F$7,0)) | E65: =IF($B65="","",IF(Config!$E$7="",0,SUMIFS('Leave Records'!$I:$I,'Leave Records'!$B:$B,$B65,'Leave Records'!$D:$D,Config!$E$7,'Leave Records'!$K:$K,"Approved"))) | F65: =IF($B65="","",IF(Config!$E$7="",0,SUMIFS('Leave Records'!$I:$I,'Leave Records'!$B:$B,$B65,'Leave Records'!$D:$D,Config!$E$7,'Leave Records'!$K:$K,"Pending"))) | G65: =IF($B65="","",D65-E65) | H65: =IF($B65="","",IFERROR(Config!$F$8,0)) | I65: =IF($B65="","",IF(Config!$E$8="",0,SUMIFS('Leave Records'!$I:$I,'Leave Records'!$B:$B,$B65,'Leave Records'!$D:$D,Config!$E$8,'Leave Records'!$K:$K,"Approved"))) | J65: =IF($B65="","",IF(Config!$E$8="",0,SUMIFS('Leave Records'!$I:$I,'Leave Records'!$B:$B,$B65,'Leave Records'!$D:$D,Config!$E$8,'Leave Records'!$K:$K,"Pending"))) | K65: =IF($B65="","",H65-I65) | L65: =IF($B65="","",IFERROR(Config!$F$9,0)) | M65: =IF($B65="","",IF(Config!$E$9="",0,SUMIFS('Leave Records'!$I:$I,'Leave Records'!$B:$B,$B65,'Leave Records'!$D:$D,Config!$E$9,'Leave Records'!$K:$K,"Approved"))) | N65: =IF($B65="","",IF(Config!$E$9="",0,SUMIFS('Leave Records'!$I:$I,'Leave Records'!$B:$B,$B65,'Leave Records'!$D:$D,Config!$E$9,'Leave Records'!$K:$K,"Pending"))) | O65: =IF($B65="","",L65-M65) | P65: =IF($B65="","",IFERROR(Config!$F$10,0)) | Q65: =IF($B65="","",IF(Config!$E$10="",0,SUMIFS('Leave Records'!$I:$I,'Leave Records'!$B:$B,$B65,'Leave Records'!$D:$D,Config!$E$10,'Leave Records'!$K:$K,"Approved"))) | R65: =IF($B65="","",IF(Config!$E$10="",0,SUMIFS('Leave Records'!$I:$I,'Leave Records'!$B:$B,$B65,'Leave Records'!$D:$D,Config!$E$10,'Leave Records'!$K:$K,"Pending"))) | S65: =IF($B65="","",P65-Q65) | T65: =IF($B65="","",IFERROR(Config!$F$11,0)) | U65: =IF($B65="","",IF(Config!$E$11="",0,SUMIFS('Leave Records'!$I:$I,'Leave Records'!$B:$B,$B65,'Leave Records'!$D:$D,Config!$E$11,'Leave Records'!$K:$K,"Approved"))) | V65: =IF($B65="","",IF(Config!$E$11="",0,SUMIFS('Leave Records'!$I:$I,'Leave Records'!$B:$B,$B65,'Leave Records'!$D:$D,Config!$E$11,'Leave Records'!$K:$K,"Pending"))) | W65: =IF($B65="","",T65-U65) | X65: =IF($B65="","",E65+I65+M65+Q65+U65)
A66: =IF(B66="","",ROW()-4) | B66: =IF(Config!$B$68="","",Config!$B$68) | C66: =IF(Config!$B$68="","",Config!$C$68) | D66: =IF($B66="","",IFERROR(Config!$F$7,0)) | E66: =IF($B66="","",IF(Config!$E$7="",0,SUMIFS('Leave Records'!$I:$I,'Leave Records'!$B:$B,$B66,'Leave Records'!$D:$D,Config!$E$7,'Leave Records'!$K:$K,"Approved"))) | F66: =IF($B66="","",IF(Config!$E$7="",0,SUMIFS('Leave Records'!$I:$I,'Leave Records'!$B:$B,$B66,'Leave Records'!$D:$D,Config!$E$7,'Leave Records'!$K:$K,"Pending"))) | G66: =IF($B66="","",D66-E66) | H66: =IF($B66="","",IFERROR(Config!$F$8,0)) | I66: =IF($B66="","",IF(Config!$E$8="",0,SUMIFS('Leave Records'!$I:$I,'Leave Records'!$B:$B,$B66,'Leave Records'!$D:$D,Config!$E$8,'Leave Records'!$K:$K,"Approved"))) | J66: =IF($B66="","",IF(Config!$E$8="",0,SUMIFS('Leave Records'!$I:$I,'Leave Records'!$B:$B,$B66,'Leave Records'!$D:$D,Config!$E$8,'Leave Records'!$K:$K,"Pending"))) | K66: =IF($B66="","",H66-I66) | L66: =IF($B66="","",IFERROR(Config!$F$9,0)) | M66: =IF($B66="","",IF(Config!$E$9="",0,SUMIFS('Leave Records'!$I:$I,'Leave Records'!$B:$B,$B66,'Leave Records'!$D:$D,Config!$E$9,'Leave Records'!$K:$K,"Approved"))) | N66: =IF($B66="","",IF(Config!$E$9="",0,SUMIFS('Leave Records'!$I:$I,'Leave Records'!$B:$B,$B66,'Leave Records'!$D:$D,Config!$E$9,'Leave Records'!$K:$K,"Pending"))) | O66: =IF($B66="","",L66-M66) | P66: =IF($B66="","",IFERROR(Config!$F$10,0)) | Q66: =IF($B66="","",IF(Config!$E$10="",0,SUMIFS('Leave Records'!$I:$I,'Leave Records'!$B:$B,$B66,'Leave Records'!$D:$D,Config!$E$10,'Leave Records'!$K:$K,"Approved"))) | R66: =IF($B66="","",IF(Config!$E$10="",0,SUMIFS('Leave Records'!$I:$I,'Leave Records'!$B:$B,$B66,'Leave Records'!$D:$D,Config!$E$10,'Leave Records'!$K:$K,"Pending"))) | S66: =IF($B66="","",P66-Q66) | T66: =IF($B66="","",IFERROR(Config!$F$11,0)) | U66: =IF($B66="","",IF(Config!$E$11="",0,SUMIFS('Leave Records'!$I:$I,'Leave Records'!$B:$B,$B66,'Leave Records'!$D:$D,Config!$E$11,'Leave Records'!$K:$K,"Approved"))) | V66: =IF($B66="","",IF(Config!$E$11="",0,SUMIFS('Leave Records'!$I:$I,'Leave Records'!$B:$B,$B66,'Leave Records'!$D:$D,Config!$E$11,'Leave Records'!$K:$K,"Pending"))) | W66: =IF($B66="","",T66-U66) | X66: =IF($B66="","",E66+I66+M66+Q66+U66)
A67: =IF(B67="","",ROW()-4) | B67: =IF(Config!$B$69="","",Config!$B$69) | C67: =IF(Config!$B$69="","",Config!$C$69) | D67: =IF($B67="","",IFERROR(Config!$F$7,0)) | E67: =IF($B67="","",IF(Config!$E$7="",0,SUMIFS('Leave Records'!$I:$I,'Leave Records'!$B:$B,$B67,'Leave Records'!$D:$D,Config!$E$7,'Leave Records'!$K:$K,"Approved"))) | F67: =IF($B67="","",IF(Config!$E$7="",0,SUMIFS('Leave Records'!$I:$I,'Leave Records'!$B:$B,$B67,'Leave Records'!$D:$D,Config!$E$7,'Leave Records'!$K:$K,"Pending"))) | G67: =IF($B67="","",D67-E67) | H67: =IF($B67="","",IFERROR(Config!$F$8,0)) | I67: =IF($B67="","",IF(Config!$E$8="",0,SUMIFS('Leave Records'!$I:$I,'Leave Records'!$B:$B,$B67,'Leave Records'!$D:$D,Config!$E$8,'Leave Records'!$K:$K,"Approved"))) | J67: =IF($B67="","",IF(Config!$E$8="",0,SUMIFS('Leave Records'!$I:$I,'Leave Records'!$B:$B,$B67,'Leave Records'!$D:$D,Config!$E$8,'Leave Records'!$K:$K,"Pending"))) | K67: =IF($B67="","",H67-I67) | L67: =IF($B67="","",IFERROR(Config!$F$9,0)) | M67: =IF($B67="","",IF(Config!$E$9="",0,SUMIFS('Leave Records'!$I:$I,'Leave Records'!$B:$B,$B67,'Leave Records'!$D:$D,Config!$E$9,'Leave Records'!$K:$K,"Approved"))) | N67: =IF($B67="","",IF(Config!$E$9="",0,SUMIFS('Leave Records'!$I:$I,'Leave Records'!$B:$B,$B67,'Leave Records'!$D:$D,Config!$E$9,'Leave Records'!$K:$K,"Pending"))) | O67: =IF($B67="","",L67-M67) | P67: =IF($B67="","",IFERROR(Config!$F$10,0)) | Q67: =IF($B67="","",IF(Config!$E$10="",0,SUMIFS('Leave Records'!$I:$I,'Leave Records'!$B:$B,$B67,'Leave Records'!$D:$D,Config!$E$10,'Leave Records'!$K:$K,"Approved"))) | R67: =IF($B67="","",IF(Config!$E$10="",0,SUMIFS('Leave Records'!$I:$I,'Leave Records'!$B:$B,$B67,'Leave Records'!$D:$D,Config!$E$10,'Leave Records'!$K:$K,"Pending"))) | S67: =IF($B67="","",P67-Q67) | T67: =IF($B67="","",IFERROR(Config!$F$11,0)) | U67: =IF($B67="","",IF(Config!$E$11="",0,SUMIFS('Leave Records'!$I:$I,'Leave Records'!$B:$B,$B67,'Leave Records'!$D:$D,Config!$E$11,'Leave Records'!$K:$K,"Approved"))) | V67: =IF($B67="","",IF(Config!$E$11="",0,SUMIFS('Leave Records'!$I:$I,'Leave Records'!$B:$B,$B67,'Leave Records'!$D:$D,Config!$E$11,'Leave Records'!$K:$K,"Pending"))) | W67: =IF($B67="","",T67-U67) | X67: =IF($B67="","",E67+I67+M67+Q67+U67)
A68: =IF(B68="","",ROW()-4) | B68: =IF(Config!$B$70="","",Config!$B$70) | C68: =IF(Config!$B$70="","",Config!$C$70) | D68: =IF($B68="","",IFERROR(Config!$F$7,0)) | E68: =IF($B68="","",IF(Config!$E$7="",0,SUMIFS('Leave Records'!$I:$I,'Leave Records'!$B:$B,$B68,'Leave Records'!$D:$D,Config!$E$7,'Leave Records'!$K:$K,"Approved"))) | F68: =IF($B68="","",IF(Config!$E$7="",0,SUMIFS('Leave Records'!$I:$I,'Leave Records'!$B:$B,$B68,'Leave Records'!$D:$D,Config!$E$7,'Leave Records'!$K:$K,"Pending"))) | G68: =IF($B68="","",D68-E68) | H68: =IF($B68="","",IFERROR(Config!$F$8,0)) | I68: =IF($B68="","",IF(Config!$E$8="",0,SUMIFS('Leave Records'!$I:$I,'Leave Records'!$B:$B,$B68,'Leave Records'!$D:$D,Config!$E$8,'Leave Records'!$K:$K,"Approved"))) | J68: =IF($B68="","",IF(Config!$E$8="",0,SUMIFS('Leave Records'!$I:$I,'Leave Records'!$B:$B,$B68,'Leave Records'!$D:$D,Config!$E$8,'Leave Records'!$K:$K,"Pending"))) | K68: =IF($B68="","",H68-I68) | L68: =IF($B68="","",IFERROR(Config!$F$9,0)) | M68: =IF($B68="","",IF(Config!$E$9="",0,SUMIFS('Leave Records'!$I:$I,'Leave Records'!$B:$B,$B68,'Leave Records'!$D:$D,Config!$E$9,'Leave Records'!$K:$K,"Approved"))) | N68: =IF($B68="","",IF(Config!$E$9="",0,SUMIFS('Leave Records'!$I:$I,'Leave Records'!$B:$B,$B68,'Leave Records'!$D:$D,Config!$E$9,'Leave Records'!$K:$K,"Pending"))) | O68: =IF($B68="","",L68-M68) | P68: =IF($B68="","",IFERROR(Config!$F$10,0)) | Q68: =IF($B68="","",IF(Config!$E$10="",0,SUMIFS('Leave Records'!$I:$I,'Leave Records'!$B:$B,$B68,'Leave Records'!$D:$D,Config!$E$10,'Leave Records'!$K:$K,"Approved"))) | R68: =IF($B68="","",IF(Config!$E$10="",0,SUMIFS('Leave Records'!$I:$I,'Leave Records'!$B:$B,$B68,'Leave Records'!$D:$D,Config!$E$10,'Leave Records'!$K:$K,"Pending"))) | S68: =IF($B68="","",P68-Q68) | T68: =IF($B68="","",IFERROR(Config!$F$11,0)) | U68: =IF($B68="","",IF(Config!$E$11="",0,SUMIFS('Leave Records'!$I:$I,'Leave Records'!$B:$B,$B68,'Leave Records'!$D:$D,Config!$E$11,'Leave Records'!$K:$K,"Approved"))) | V68: =IF($B68="","",IF(Config!$E$11="",0,SUMIFS('Leave Records'!$I:$I,'Leave Records'!$B:$B,$B68,'Leave Records'!$D:$D,Config!$E$11,'Leave Records'!$K:$K,"Pending"))) | W68: =IF($B68="","",T68-U68) | X68: =IF($B68="","",E68+I68+M68+Q68+U68)
A69: =IF(B69="","",ROW()-4) | B69: =IF(Config!$B$71="","",Config!$B$71) | C69: =IF(Config!$B$71="","",Config!$C$71) | D69: =IF($B69="","",IFERROR(Config!$F$7,0)) | E69: =IF($B69="","",IF(Config!$E$7="",0,SUMIFS('Leave Records'!$I:$I,'Leave Records'!$B:$B,$B69,'Leave Records'!$D:$D,Config!$E$7,'Leave Records'!$K:$K,"Approved"))) | F69: =IF($B69="","",IF(Config!$E$7="",0,SUMIFS('Leave Records'!$I:$I,'Leave Records'!$B:$B,$B69,'Leave Records'!$D:$D,Config!$E$7,'Leave Records'!$K:$K,"Pending"))) | G69: =IF($B69="","",D69-E69) | H69: =IF($B69="","",IFERROR(Config!$F$8,0)) | I69: =IF($B69="","",IF(Config!$E$8="",0,SUMIFS('Leave Records'!$I:$I,'Leave Records'!$B:$B,$B69,'Leave Records'!$D:$D,Config!$E$8,'Leave Records'!$K:$K,"Approved"))) | J69: =IF($B69="","",IF(Config!$E$8="",0,SUMIFS('Leave Records'!$I:$I,'Leave Records'!$B:$B,$B69,'Leave Records'!$D:$D,Config!$E$8,'Leave Records'!$K:$K,"Pending"))) | K69: =IF($B69="","",H69-I69) | L69: =IF($B69="","",IFERROR(Config!$F$9,0)) | M69: =IF($B69="","",IF(Config!$E$9="",0,SUMIFS('Leave Records'!$I:$I,'Leave Records'!$B:$B,$B69,'Leave Records'!$D:$D,Config!$E$9,'Leave Records'!$K:$K,"Approved"))) | N69: =IF($B69="","",IF(Config!$E$9="",0,SUMIFS('Leave Records'!$I:$I,'Leave Records'!$B:$B,$B69,'Leave Records'!$D:$D,Config!$E$9,'Leave Records'!$K:$K,"Pending"))) | O69: =IF($B69="","",L69-M69) | P69: =IF($B69="","",IFERROR(Config!$F$10,0)) | Q69: =IF($B69="","",IF(Config!$E$10="",0,SUMIFS('Leave Records'!$I:$I,'Leave Records'!$B:$B,$B69,'Leave Records'!$D:$D,Config!$E$10,'Leave Records'!$K:$K,"Approved"))) | R69: =IF($B69="","",IF(Config!$E$10="",0,SUMIFS('Leave Records'!$I:$I,'Leave Records'!$B:$B,$B69,'Leave Records'!$D:$D,Config!$E$10,'Leave Records'!$K:$K,"Pending"))) | S69: =IF($B69="","",P69-Q69) | T69: =IF($B69="","",IFERROR(Config!$F$11,0)) | U69: =IF($B69="","",IF(Config!$E$11="",0,SUMIFS('Leave Records'!$I:$I,'Leave Records'!$B:$B,$B69,'Leave Records'!$D:$D,Config!$E$11,'Leave Records'!$K:$K,"Approved"))) | V69: =IF($B69="","",IF(Config!$E$11="",0,SUMIFS('Leave Records'!$I:$I,'Leave Records'!$B:$B,$B69,'Leave Records'!$D:$D,Config!$E$11,'Leave Records'!$K:$K,"Pending"))) | W69: =IF($B69="","",T69-U69) | X69: =IF($B69="","",E69+I69+M69+Q69+U69)
A70: =IF(B70="","",ROW()-4) | B70: =IF(Config!$B$72="","",Config!$B$72) | C70: =IF(Config!$B$72="","",Config!$C$72) | D70: =IF($B70="","",IFERROR(Config!$F$7,0)) | E70: =IF($B70="","",IF(Config!$E$7="",0,SUMIFS('Leave Records'!$I:$I,'Leave Records'!$B:$B,$B70,'Leave Records'!$D:$D,Config!$E$7,'Leave Records'!$K:$K,"Approved"))) | F70: =IF($B70="","",IF(Config!$E$7="",0,SUMIFS('Leave Records'!$I:$I,'Leave Records'!$B:$B,$B70,'Leave Records'!$D:$D,Config!$E$7,'Leave Records'!$K:$K,"Pending"))) | G70: =IF($B70="","",D70-E70) | H70: =IF($B70="","",IFERROR(Config!$F$8,0)) | I70: =IF($B70="","",IF(Config!$E$8="",0,SUMIFS('Leave Records'!$I:$I,'Leave Records'!$B:$B,$B70,'Leave Records'!$D:$D,Config!$E$8,'Leave Records'!$K:$K,"Approved"))) | J70: =IF($B70="","",IF(Config!$E$8="",0,SUMIFS('Leave Records'!$I:$I,'Leave Records'!$B:$B,$B70,'Leave Records'!$D:$D,Config!$E$8,'Leave Records'!$K:$K,"Pending"))) | K70: =IF($B70="","",H70-I70) | L70: =IF($B70="","",IFERROR(Config!$F$9,0)) | M70: =IF($B70="","",IF(Config!$E$9="",0,SUMIFS('Leave Records'!$I:$I,'Leave Records'!$B:$B,$B70,'Leave Records'!$D:$D,Config!$E$9,'Leave Records'!$K:$K,"Approved"))) | N70: =IF($B70="","",IF(Config!$E$9="",0,SUMIFS('Leave Records'!$I:$I,'Leave Records'!$B:$B,$B70,'Leave Records'!$D:$D,Config!$E$9,'Leave Records'!$K:$K,"Pending"))) | O70: =IF($B70="","",L70-M70) | P70: =IF($B70="","",IFERROR(Config!$F$10,0)) | Q70: =IF($B70="","",IF(Config!$E$10="",0,SUMIFS('Leave Records'!$I:$I,'Leave Records'!$B:$B,$B70,'Leave Records'!$D:$D,Config!$E$10,'Leave Records'!$K:$K,"Approved"))) | R70: =IF($B70="","",IF(Config!$E$10="",0,SUMIFS('Leave Records'!$I:$I,'Leave Records'!$B:$B,$B70,'Leave Records'!$D:$D,Config!$E$10,'Leave Records'!$K:$K,"Pending"))) | S70: =IF($B70="","",P70-Q70) | T70: =IF($B70="","",IFERROR(Config!$F$11,0)) | U70: =IF($B70="","",IF(Config!$E$11="",0,SUMIFS('Leave Records'!$I:$I,'Leave Records'!$B:$B,$B70,'Leave Records'!$D:$D,Config!$E$11,'Leave Records'!$K:$K,"Approved"))) | V70: =IF($B70="","",IF(Config!$E$11="",0,SUMIFS('Leave Records'!$I:$I,'Leave Records'!$B:$B,$B70,'Leave Records'!$D:$D,Config!$E$11,'Leave Records'!$K:$K,"Pending"))) | W70: =IF($B70="","",T70-U70) | X70: =IF($B70="","",E70+I70+M70+Q70+U70)
A71: =IF(B71="","",ROW()-4) | B71: =IF(Config!$B$73="","",Config!$B$73) | C71: =IF(Config!$B$73="","",Config!$C$73) | D71: =IF($B71="","",IFERROR(Config!$F$7,0)) | E71: =IF($B71="","",IF(Config!$E$7="",0,SUMIFS('Leave Records'!$I:$I,'Leave Records'!$B:$B,$B71,'Leave Records'!$D:$D,Config!$E$7,'Leave Records'!$K:$K,"Approved"))) | F71: =IF($B71="","",IF(Config!$E$7="",0,SUMIFS('Leave Records'!$I:$I,'Leave Records'!$B:$B,$B71,'Leave Records'!$D:$D,Config!$E$7,'Leave Records'!$K:$K,"Pending"))) | G71: =IF($B71="","",D71-E71) | H71: =IF($B71="","",IFERROR(Config!$F$8,0)) | I71: =IF($B71="","",IF(Config!$E$8="",0,SUMIFS('Leave Records'!$I:$I,'Leave Records'!$B:$B,$B71,'Leave Records'!$D:$D,Config!$E$8,'Leave Records'!$K:$K,"Approved"))) | J71: =IF($B71="","",IF(Config!$E$8="",0,SUMIFS('Leave Records'!$I:$I,'Leave Records'!$B:$B,$B71,'Leave Records'!$D:$D,Config!$E$8,'Leave Records'!$K:$K,"Pending"))) | K71: =IF($B71="","",H71-I71) | L71: =IF($B71="","",IFERROR(Config!$F$9,0)) | M71: =IF($B71="","",IF(Config!$E$9="",0,SUMIFS('Leave Records'!$I:$I,'Leave Records'!$B:$B,$B71,'Leave Records'!$D:$D,Config!$E$9,'Leave Records'!$K:$K,"Approved"))) | N71: =IF($B71="","",IF(Config!$E$9="",0,SUMIFS('Leave Records'!$I:$I,'Leave Records'!$B:$B,$B71,'Leave Records'!$D:$D,Config!$E$9,'Leave Records'!$K:$K,"Pending"))) | O71: =IF($B71="","",L71-M71) | P71: =IF($B71="","",IFERROR(Config!$F$10,0)) | Q71: =IF($B71="","",IF(Config!$E$10="",0,SUMIFS('Leave Records'!$I:$I,'Leave Records'!$B:$B,$B71,'Leave Records'!$D:$D,Config!$E$10,'Leave Records'!$K:$K,"Approved"))) | R71: =IF($B71="","",IF(Config!$E$10="",0,SUMIFS('Leave Records'!$I:$I,'Leave Records'!$B:$B,$B71,'Leave Records'!$D:$D,Config!$E$10,'Leave Records'!$K:$K,"Pending"))) | S71: =IF($B71="","",P71-Q71) | T71: =IF($B71="","",IFERROR(Config!$F$11,0)) | U71: =IF($B71="","",IF(Config!$E$11="",0,SUMIFS('Leave Records'!$I:$I,'Leave Records'!$B:$B,$B71,'Leave Records'!$D:$D,Config!$E$11,'Leave Records'!$K:$K,"Approved"))) | V71: =IF($B71="","",IF(Config!$E$11="",0,SUMIFS('Leave Records'!$I:$I,'Leave Records'!$B:$B,$B71,'Leave Records'!$D:$D,Config!$E$11,'Leave Records'!$K:$K,"Pending"))) | W71: =IF($B71="","",T71-U71) | X71: =IF($B71="","",E71+I71+M71+Q71+U71)
A72: =IF(B72="","",ROW()-4) | B72: =IF(Config!$B$74="","",Config!$B$74) | C72: =IF(Config!$B$74="","",Config!$C$74) | D72: =IF($B72="","",IFERROR(Config!$F$7,0)) | E72: =IF($B72="","",IF(Config!$E$7="",0,SUMIFS('Leave Records'!$I:$I,'Leave Records'!$B:$B,$B72,'Leave Records'!$D:$D,Config!$E$7,'Leave Records'!$K:$K,"Approved"))) | F72: =IF($B72="","",IF(Config!$E$7="",0,SUMIFS('Leave Records'!$I:$I,'Leave Records'!$B:$B,$B72,'Leave Records'!$D:$D,Config!$E$7,'Leave Records'!$K:$K,"Pending"))) | G72: =IF($B72="","",D72-E72) | H72: =IF($B72="","",IFERROR(Config!$F$8,0)) | I72: =IF($B72="","",IF(Config!$E$8="",0,SUMIFS('Leave Records'!$I:$I,'Leave Records'!$B:$B,$B72,'Leave Records'!$D:$D,Config!$E$8,'Leave Records'!$K:$K,"Approved"))) | J72: =IF($B72="","",IF(Config!$E$8="",0,SUMIFS('Leave Records'!$I:$I,'Leave Records'!$B:$B,$B72,'Leave Records'!$D:$D,Config!$E$8,'Leave Records'!$K:$K,"Pending"))) | K72: =IF($B72="","",H72-I72) | L72: =IF($B72="","",IFERROR(Config!$F$9,0)) | M72: =IF($B72="","",IF(Config!$E$9="",0,SUMIFS('Leave Records'!$I:$I,'Leave Records'!$B:$B,$B72,'Leave Records'!$D:$D,Config!$E$9,'Leave Records'!$K:$K,"Approved"))) | N72: =IF($B72="","",IF(Config!$E$9="",0,SUMIFS('Leave Records'!$I:$I,'Leave Records'!$B:$B,$B72,'Leave Records'!$D:$D,Config!$E$9,'Leave Records'!$K:$K,"Pending"))) | O72: =IF($B72="","",L72-M72) | P72: =IF($B72="","",IFERROR(Config!$F$10,0)) | Q72: =IF($B72="","",IF(Config!$E$10="",0,SUMIFS('Leave Records'!$I:$I,'Leave Records'!$B:$B,$B72,'Leave Records'!$D:$D,Config!$E$10,'Leave Records'!$K:$K,"Approved"))) | R72: =IF($B72="","",IF(Config!$E$10="",0,SUMIFS('Leave Records'!$I:$I,'Leave Records'!$B:$B,$B72,'Leave Records'!$D:$D,Config!$E$10,'Leave Records'!$K:$K,"Pending"))) | S72: =IF($B72="","",P72-Q72) | T72: =IF($B72="","",IFERROR(Config!$F$11,0)) | U72: =IF($B72="","",IF(Config!$E$11="",0,SUMIFS('Leave Records'!$I:$I,'Leave Records'!$B:$B,$B72,'Leave Records'!$D:$D,Config!$E$11,'Leave Records'!$K:$K,"Approved"))) | V72: =IF($B72="","",IF(Config!$E$11="",0,SUMIFS('Leave Records'!$I:$I,'Leave Records'!$B:$B,$B72,'Leave Records'!$D:$D,Config!$E$11,'Leave Records'!$K:$K,"Pending"))) | W72: =IF($B72="","",T72-U72) | X72: =IF($B72="","",E72+I72+M72+Q72+U72)
A73: =IF(B73="","",ROW()-4) | B73: =IF(Config!$B$75="","",Config!$B$75) | C73: =IF(Config!$B$75="","",Config!$C$75) | D73: =IF($B73="","",IFERROR(Config!$F$7,0)) | E73: =IF($B73="","",IF(Config!$E$7="",0,SUMIFS('Leave Records'!$I:$I,'Leave Records'!$B:$B,$B73,'Leave Records'!$D:$D,Config!$E$7,'Leave Records'!$K:$K,"Approved"))) | F73: =IF($B73="","",IF(Config!$E$7="",0,SUMIFS('Leave Records'!$I:$I,'Leave Records'!$B:$B,$B73,'Leave Records'!$D:$D,Config!$E$7,'Leave Records'!$K:$K,"Pending"))) | G73: =IF($B73="","",D73-E73) | H73: =IF($B73="","",IFERROR(Config!$F$8,0)) | I73: =IF($B73="","",IF(Config!$E$8="",0,SUMIFS('Leave Records'!$I:$I,'Leave Records'!$B:$B,$B73,'Leave Records'!$D:$D,Config!$E$8,'Leave Records'!$K:$K,"Approved"))) | J73: =IF($B73="","",IF(Config!$E$8="",0,SUMIFS('Leave Records'!$I:$I,'Leave Records'!$B:$B,$B73,'Leave Records'!$D:$D,Config!$E$8,'Leave Records'!$K:$K,"Pending"))) | K73: =IF($B73="","",H73-I73) | L73: =IF($B73="","",IFERROR(Config!$F$9,0)) | M73: =IF($B73="","",IF(Config!$E$9="",0,SUMIFS('Leave Records'!$I:$I,'Leave Records'!$B:$B,$B73,'Leave Records'!$D:$D,Config!$E$9,'Leave Records'!$K:$K,"Approved"))) | N73: =IF($B73="","",IF(Config!$E$9="",0,SUMIFS('Leave Records'!$I:$I,'Leave Records'!$B:$B,$B73,'Leave Records'!$D:$D,Config!$E$9,'Leave Records'!$K:$K,"Pending"))) | O73: =IF($B73="","",L73-M73) | P73: =IF($B73="","",IFERROR(Config!$F$10,0)) | Q73: =IF($B73="","",IF(Config!$E$10="",0,SUMIFS('Leave Records'!$I:$I,'Leave Records'!$B:$B,$B73,'Leave Records'!$D:$D,Config!$E$10,'Leave Records'!$K:$K,"Approved"))) | R73: =IF($B73="","",IF(Config!$E$10="",0,SUMIFS('Leave Records'!$I:$I,'Leave Records'!$B:$B,$B73,'Leave Records'!$D:$D,Config!$E$10,'Leave Records'!$K:$K,"Pending"))) | S73: =IF($B73="","",P73-Q73) | T73: =IF($B73="","",IFERROR(Config!$F$11,0)) | U73: =IF($B73="","",IF(Config!$E$11="",0,SUMIFS('Leave Records'!$I:$I,'Leave Records'!$B:$B,$B73,'Leave Records'!$D:$D,Config!$E$11,'Leave Records'!$K:$K,"Approved"))) | V73: =IF($B73="","",IF(Config!$E$11="",0,SUMIFS('Leave Records'!$I:$I,'Leave Records'!$B:$B,$B73,'Leave Records'!$D:$D,Config!$E$11,'Leave Records'!$K:$K,"Pending"))) | W73: =IF($B73="","",T73-U73) | X73: =IF($B73="","",E73+I73+M73+Q73+U73)
A74: =IF(B74="","",ROW()-4) | B74: =IF(Config!$B$76="","",Config!$B$76) | C74: =IF(Config!$B$76="","",Config!$C$76) | D74: =IF($B74="","",IFERROR(Config!$F$7,0)) | E74: =IF($B74="","",IF(Config!$E$7="",0,SUMIFS('Leave Records'!$I:$I,'Leave Records'!$B:$B,$B74,'Leave Records'!$D:$D,Config!$E$7,'Leave Records'!$K:$K,"Approved"))) | F74: =IF($B74="","",IF(Config!$E$7="",0,SUMIFS('Leave Records'!$I:$I,'Leave Records'!$B:$B,$B74,'Leave Records'!$D:$D,Config!$E$7,'Leave Records'!$K:$K,"Pending"))) | G74: =IF($B74="","",D74-E74) | H74: =IF($B74="","",IFERROR(Config!$F$8,0)) | I74: =IF($B74="","",IF(Config!$E$8="",0,SUMIFS('Leave Records'!$I:$I,'Leave Records'!$B:$B,$B74,'Leave Records'!$D:$D,Config!$E$8,'Leave Records'!$K:$K,"Approved"))) | J74: =IF($B74="","",IF(Config!$E$8="",0,SUMIFS('Leave Records'!$I:$I,'Leave Records'!$B:$B,$B74,'Leave Records'!$D:$D,Config!$E$8,'Leave Records'!$K:$K,"Pending"))) | K74: =IF($B74="","",H74-I74) | L74: =IF($B74="","",IFERROR(Config!$F$9,0)) | M74: =IF($B74="","",IF(Config!$E$9="",0,SUMIFS('Leave Records'!$I:$I,'Leave Records'!$B:$B,$B74,'Leave Records'!$D:$D,Config!$E$9,'Leave Records'!$K:$K,"Approved"))) | N74: =IF($B74="","",IF(Config!$E$9="",0,SUMIFS('Leave Records'!$I:$I,'Leave Records'!$B:$B,$B74,'Leave Records'!$D:$D,Config!$E$9,'Leave Records'!$K:$K,"Pending"))) | O74: =IF($B74="","",L74-M74) | P74: =IF($B74="","",IFERROR(Config!$F$10,0)) | Q74: =IF($B74="","",IF(Config!$E$10="",0,SUMIFS('Leave Records'!$I:$I,'Leave Records'!$B:$B,$B74,'Leave Records'!$D:$D,Config!$E$10,'Leave Records'!$K:$K,"Approved"))) | R74: =IF($B74="","",IF(Config!$E$10="",0,SUMIFS('Leave Records'!$I:$I,'Leave Records'!$B:$B,$B74,'Leave Records'!$D:$D,Config!$E$10,'Leave Records'!$K:$K,"Pending"))) | S74: =IF($B74="","",P74-Q74) | T74: =IF($B74="","",IFERROR(Config!$F$11,0)) | U74: =IF($B74="","",IF(Config!$E$11="",0,SUMIFS('Leave Records'!$I:$I,'Leave Records'!$B:$B,$B74,'Leave Records'!$D:$D,Config!$E$11,'Leave Records'!$K:$K,"Approved"))) | V74: =IF($B74="","",IF(Config!$E$11="",0,SUMIFS('Leave Records'!$I:$I,'Leave Records'!$B:$B,$B74,'Leave Records'!$D:$D,Config!$E$11,'Leave Records'!$K:$K,"Pending"))) | W74: =IF($B74="","",T74-U74) | X74: =IF($B74="","",E74+I74+M74+Q74+U74)
A75: =IF(B75="","",ROW()-4) | B75: =IF(Config!$B$77="","",Config!$B$77) | C75: =IF(Config!$B$77="","",Config!$C$77) | D75: =IF($B75="","",IFERROR(Config!$F$7,0)) | E75: =IF($B75="","",IF(Config!$E$7="",0,SUMIFS('Leave Records'!$I:$I,'Leave Records'!$B:$B,$B75,'Leave Records'!$D:$D,Config!$E$7,'Leave Records'!$K:$K,"Approved"))) | F75: =IF($B75="","",IF(Config!$E$7="",0,SUMIFS('Leave Records'!$I:$I,'Leave Records'!$B:$B,$B75,'Leave Records'!$D:$D,Config!$E$7,'Leave Records'!$K:$K,"Pending"))) | G75: =IF($B75="","",D75-E75) | H75: =IF($B75="","",IFERROR(Config!$F$8,0)) | I75: =IF($B75="","",IF(Config!$E$8="",0,SUMIFS('Leave Records'!$I:$I,'Leave Records'!$B:$B,$B75,'Leave Records'!$D:$D,Config!$E$8,'Leave Records'!$K:$K,"Approved"))) | J75: =IF($B75="","",IF(Config!$E$8="",0,SUMIFS('Leave Records'!$I:$I,'Leave Records'!$B:$B,$B75,'Leave Records'!$D:$D,Config!$E$8,'Leave Records'!$K:$K,"Pending"))) | K75: =IF($B75="","",H75-I75) | L75: =IF($B75="","",IFERROR(Config!$F$9,0)) | M75: =IF($B75="","",IF(Config!$E$9="",0,SUMIFS('Leave Records'!$I:$I,'Leave Records'!$B:$B,$B75,'Leave Records'!$D:$D,Config!$E$9,'Leave Records'!$K:$K,"Approved"))) | N75: =IF($B75="","",IF(Config!$E$9="",0,SUMIFS('Leave Records'!$I:$I,'Leave Records'!$B:$B,$B75,'Leave Records'!$D:$D,Config!$E$9,'Leave Records'!$K:$K,"Pending"))) | O75: =IF($B75="","",L75-M75) | P75: =IF($B75="","",IFERROR(Config!$F$10,0)) | Q75: =IF($B75="","",IF(Config!$E$10="",0,SUMIFS('Leave Records'!$I:$I,'Leave Records'!$B:$B,$B75,'Leave Records'!$D:$D,Config!$E$10,'Leave Records'!$K:$K,"Approved"))) | R75: =IF($B75="","",IF(Config!$E$10="",0,SUMIFS('Leave Records'!$I:$I,'Leave Records'!$B:$B,$B75,'Leave Records'!$D:$D,Config!$E$10,'Leave Records'!$K:$K,"Pending"))) | S75: =IF($B75="","",P75-Q75) | T75: =IF($B75="","",IFERROR(Config!$F$11,0)) | U75: =IF($B75="","",IF(Config!$E$11="",0,SUMIFS('Leave Records'!$I:$I,'Leave Records'!$B:$B,$B75,'Leave Records'!$D:$D,Config!$E$11,'Leave Records'!$K:$K,"Approved"))) | V75: =IF($B75="","",IF(Config!$E$11="",0,SUMIFS('Leave Records'!$I:$I,'Leave Records'!$B:$B,$B75,'Leave Records'!$D:$D,Config!$E$11,'Leave Records'!$K:$K,"Pending"))) | W75: =IF($B75="","",T75-U75) | X75: =IF($B75="","",E75+I75+M75+Q75+U75)
A76: =IF(B76="","",ROW()-4) | B76: =IF(Config!$B$78="","",Config!$B$78) | C76: =IF(Config!$B$78="","",Config!$C$78) | D76: =IF($B76="","",IFERROR(Config!$F$7,0)) | E76: =IF($B76="","",IF(Config!$E$7="",0,SUMIFS('Leave Records'!$I:$I,'Leave Records'!$B:$B,$B76,'Leave Records'!$D:$D,Config!$E$7,'Leave Records'!$K:$K,"Approved"))) | F76: =IF($B76="","",IF(Config!$E$7="",0,SUMIFS('Leave Records'!$I:$I,'Leave Records'!$B:$B,$B76,'Leave Records'!$D:$D,Config!$E$7,'Leave Records'!$K:$K,"Pending"))) | G76: =IF($B76="","",D76-E76) | H76: =IF($B76="","",IFERROR(Config!$F$8,0)) | I76: =IF($B76="","",IF(Config!$E$8="",0,SUMIFS('Leave Records'!$I:$I,'Leave Records'!$B:$B,$B76,'Leave Records'!$D:$D,Config!$E$8,'Leave Records'!$K:$K,"Approved"))) | J76: =IF($B76="","",IF(Config!$E$8="",0,SUMIFS('Leave Records'!$I:$I,'Leave Records'!$B:$B,$B76,'Leave Records'!$D:$D,Config!$E$8,'Leave Records'!$K:$K,"Pending"))) | K76: =IF($B76="","",H76-I76) | L76: =IF($B76="","",IFERROR(Config!$F$9,0)) | M76: =IF($B76="","",IF(Config!$E$9="",0,SUMIFS('Leave Records'!$I:$I,'Leave Records'!$B:$B,$B76,'Leave Records'!$D:$D,Config!$E$9,'Leave Records'!$K:$K,"Approved"))) | N76: =IF($B76="","",IF(Config!$E$9="",0,SUMIFS('Leave Records'!$I:$I,'Leave Records'!$B:$B,$B76,'Leave Records'!$D:$D,Config!$E$9,'Leave Records'!$K:$K,"Pending"))) | O76: =IF($B76="","",L76-M76) | P76: =IF($B76="","",IFERROR(Config!$F$10,0)) | Q76: =IF($B76="","",IF(Config!$E$10="",0,SUMIFS('Leave Records'!$I:$I,'Leave Records'!$B:$B,$B76,'Leave Records'!$D:$D,Config!$E$10,'Leave Records'!$K:$K,"Approved"))) | R76: =IF($B76="","",IF(Config!$E$10="",0,SUMIFS('Leave Records'!$I:$I,'Leave Records'!$B:$B,$B76,'Leave Records'!$D:$D,Config!$E$10,'Leave Records'!$K:$K,"Pending"))) | S76: =IF($B76="","",P76-Q76) | T76: =IF($B76="","",IFERROR(Config!$F$11,0)) | U76: =IF($B76="","",IF(Config!$E$11="",0,SUMIFS('Leave Records'!$I:$I,'Leave Records'!$B:$B,$B76,'Leave Records'!$D:$D,Config!$E$11,'Leave Records'!$K:$K,"Approved"))) | V76: =IF($B76="","",IF(Config!$E$11="",0,SUMIFS('Leave Records'!$I:$I,'Leave Records'!$B:$B,$B76,'Leave Records'!$D:$D,Config!$E$11,'Leave Records'!$K:$K,"Pending"))) | W76: =IF($B76="","",T76-U76) | X76: =IF($B76="","",E76+I76+M76+Q76+U76)
A77: =IF(B77="","",ROW()-4) | B77: =IF(Config!$B$79="","",Config!$B$79) | C77: =IF(Config!$B$79="","",Config!$C$79) | D77: =IF($B77="","",IFERROR(Config!$F$7,0)) | E77: =IF($B77="","",IF(Config!$E$7="",0,SUMIFS('Leave Records'!$I:$I,'Leave Records'!$B:$B,$B77,'Leave Records'!$D:$D,Config!$E$7,'Leave Records'!$K:$K,"Approved"))) | F77: =IF($B77="","",IF(Config!$E$7="",0,SUMIFS('Leave Records'!$I:$I,'Leave Records'!$B:$B,$B77,'Leave Records'!$D:$D,Config!$E$7,'Leave Records'!$K:$K,"Pending"))) | G77: =IF($B77="","",D77-E77) | H77: =IF($B77="","",IFERROR(Config!$F$8,0)) | I77: =IF($B77="","",IF(Config!$E$8="",0,SUMIFS('Leave Records'!$I:$I,'Leave Records'!$B:$B,$B77,'Leave Records'!$D:$D,Config!$E$8,'Leave Records'!$K:$K,"Approved"))) | J77: =IF($B77="","",IF(Config!$E$8="",0,SUMIFS('Leave Records'!$I:$I,'Leave Records'!$B:$B,$B77,'Leave Records'!$D:$D,Config!$E$8,'Leave Records'!$K:$K,"Pending"))) | K77: =IF($B77="","",H77-I77) | L77: =IF($B77="","",IFERROR(Config!$F$9,0)) | M77: =IF($B77="","",IF(Config!$E$9="",0,SUMIFS('Leave Records'!$I:$I,'Leave Records'!$B:$B,$B77,'Leave Records'!$D:$D,Config!$E$9,'Leave Records'!$K:$K,"Approved"))) | N77: =IF($B77="","",IF(Config!$E$9="",0,SUMIFS('Leave Records'!$I:$I,'Leave Records'!$B:$B,$B77,'Leave Records'!$D:$D,Config!$E$9,'Leave Records'!$K:$K,"Pending"))) | O77: =IF($B77="","",L77-M77) | P77: =IF($B77="","",IFERROR(Config!$F$10,0)) | Q77: =IF($B77="","",IF(Config!$E$10="",0,SUMIFS('Leave Records'!$I:$I,'Leave Records'!$B:$B,$B77,'Leave Records'!$D:$D,Config!$E$10,'Leave Records'!$K:$K,"Approved"))) | R77: =IF($B77="","",IF(Config!$E$10="",0,SUMIFS('Leave Records'!$I:$I,'Leave Records'!$B:$B,$B77,'Leave Records'!$D:$D,Config!$E$10,'Leave Records'!$K:$K,"Pending"))) | S77: =IF($B77="","",P77-Q77) | T77: =IF($B77="","",IFERROR(Config!$F$11,0)) | U77: =IF($B77="","",IF(Config!$E$11="",0,SUMIFS('Leave Records'!$I:$I,'Leave Records'!$B:$B,$B77,'Leave Records'!$D:$D,Config!$E$11,'Leave Records'!$K:$K,"Approved"))) | V77: =IF($B77="","",IF(Config!$E$11="",0,SUMIFS('Leave Records'!$I:$I,'Leave Records'!$B:$B,$B77,'Leave Records'!$D:$D,Config!$E$11,'Leave Records'!$K:$K,"Pending"))) | W77: =IF($B77="","",T77-U77) | X77: =IF($B77="","",E77+I77+M77+Q77+U77)
A78: =IF(B78="","",ROW()-4) | B78: =IF(Config!$B$80="","",Config!$B$80) | C78: =IF(Config!$B$80="","",Config!$C$80) | D78: =IF($B78="","",IFERROR(Config!$F$7,0)) | E78: =IF($B78="","",IF(Config!$E$7="",0,SUMIFS('Leave Records'!$I:$I,'Leave Records'!$B:$B,$B78,'Leave Records'!$D:$D,Config!$E$7,'Leave Records'!$K:$K,"Approved"))) | F78: =IF($B78="","",IF(Config!$E$7="",0,SUMIFS('Leave Records'!$I:$I,'Leave Records'!$B:$B,$B78,'Leave Records'!$D:$D,Config!$E$7,'Leave Records'!$K:$K,"Pending"))) | G78: =IF($B78="","",D78-E78) | H78: =IF($B78="","",IFERROR(Config!$F$8,0)) | I78: =IF($B78="","",IF(Config!$E$8="",0,SUMIFS('Leave Records'!$I:$I,'Leave Records'!$B:$B,$B78,'Leave Records'!$D:$D,Config!$E$8,'Leave Records'!$K:$K,"Approved"))) | J78: =IF($B78="","",IF(Config!$E$8="",0,SUMIFS('Leave Records'!$I:$I,'Leave Records'!$B:$B,$B78,'Leave Records'!$D:$D,Config!$E$8,'Leave Records'!$K:$K,"Pending"))) | K78: =IF($B78="","",H78-I78) | L78: =IF($B78="","",IFERROR(Config!$F$9,0)) | M78: =IF($B78="","",IF(Config!$E$9="",0,SUMIFS('Leave Records'!$I:$I,'Leave Records'!$B:$B,$B78,'Leave Records'!$D:$D,Config!$E$9,'Leave Records'!$K:$K,"Approved"))) | N78: =IF($B78="","",IF(Config!$E$9="",0,SUMIFS('Leave Records'!$I:$I,'Leave Records'!$B:$B,$B78,'Leave Records'!$D:$D,Config!$E$9,'Leave Records'!$K:$K,"Pending"))) | O78: =IF($B78="","",L78-M78) | P78: =IF($B78="","",IFERROR(Config!$F$10,0)) | Q78: =IF($B78="","",IF(Config!$E$10="",0,SUMIFS('Leave Records'!$I:$I,'Leave Records'!$B:$B,$B78,'Leave Records'!$D:$D,Config!$E$10,'Leave Records'!$K:$K,"Approved"))) | R78: =IF($B78="","",IF(Config!$E$10="",0,SUMIFS('Leave Records'!$I:$I,'Leave Records'!$B:$B,$B78,'Leave Records'!$D:$D,Config!$E$10,'Leave Records'!$K:$K,"Pending"))) | S78: =IF($B78="","",P78-Q78) | T78: =IF($B78="","",IFERROR(Config!$F$11,0)) | U78: =IF($B78="","",IF(Config!$E$11="",0,SUMIFS('Leave Records'!$I:$I,'Leave Records'!$B:$B,$B78,'Leave Records'!$D:$D,Config!$E$11,'Leave Records'!$K:$K,"Approved"))) | V78: =IF($B78="","",IF(Config!$E$11="",0,SUMIFS('Leave Records'!$I:$I,'Leave Records'!$B:$B,$B78,'Leave Records'!$D:$D,Config!$E$11,'Leave Records'!$K:$K,"Pending"))) | W78: =IF($B78="","",T78-U78) | X78: =IF($B78="","",E78+I78+M78+Q78+U78)
A79: =IF(B79="","",ROW()-4) | B79: =IF(Config!$B$81="","",Config!$B$81) | C79: =IF(Config!$B$81="","",Config!$C$81) | D79: =IF($B79="","",IFERROR(Config!$F$7,0)) | E79: =IF($B79="","",IF(Config!$E$7="",0,SUMIFS('Leave Records'!$I:$I,'Leave Records'!$B:$B,$B79,'Leave Records'!$D:$D,Config!$E$7,'Leave Records'!$K:$K,"Approved"))) | F79: =IF($B79="","",IF(Config!$E$7="",0,SUMIFS('Leave Records'!$I:$I,'Leave Records'!$B:$B,$B79,'Leave Records'!$D:$D,Config!$E$7,'Leave Records'!$K:$K,"Pending"))) | G79: =IF($B79="","",D79-E79) | H79: =IF($B79="","",IFERROR(Config!$F$8,0)) | I79: =IF($B79="","",IF(Config!$E$8="",0,SUMIFS('Leave Records'!$I:$I,'Leave Records'!$B:$B,$B79,'Leave Records'!$D:$D,Config!$E$8,'Leave Records'!$K:$K,"Approved"))) | J79: =IF($B79="","",IF(Config!$E$8="",0,SUMIFS('Leave Records'!$I:$I,'Leave Records'!$B:$B,$B79,'Leave Records'!$D:$D,Config!$E$8,'Leave Records'!$K:$K,"Pending"))) | K79: =IF($B79="","",H79-I79) | L79: =IF($B79="","",IFERROR(Config!$F$9,0)) | M79: =IF($B79="","",IF(Config!$E$9="",0,SUMIFS('Leave Records'!$I:$I,'Leave Records'!$B:$B,$B79,'Leave Records'!$D:$D,Config!$E$9,'Leave Records'!$K:$K,"Approved"))) | N79: =IF($B79="","",IF(Config!$E$9="",0,SUMIFS('Leave Records'!$I:$I,'Leave Records'!$B:$B,$B79,'Leave Records'!$D:$D,Config!$E$9,'Leave Records'!$K:$K,"Pending"))) | O79: =IF($B79="","",L79-M79) | P79: =IF($B79="","",IFERROR(Config!$F$10,0)) | Q79: =IF($B79="","",IF(Config!$E$10="",0,SUMIFS('Leave Records'!$I:$I,'Leave Records'!$B:$B,$B79,'Leave Records'!$D:$D,Config!$E$10,'Leave Records'!$K:$K,"Approved"))) | R79: =IF($B79="","",IF(Config!$E$10="",0,SUMIFS('Leave Records'!$I:$I,'Leave Records'!$B:$B,$B79,'Leave Records'!$D:$D,Config!$E$10,'Leave Records'!$K:$K,"Pending"))) | S79: =IF($B79="","",P79-Q79) | T79: =IF($B79="","",IFERROR(Config!$F$11,0)) | U79: =IF($B79="","",IF(Config!$E$11="",0,SUMIFS('Leave Records'!$I:$I,'Leave Records'!$B:$B,$B79,'Leave Records'!$D:$D,Config!$E$11,'Leave Records'!$K:$K,"Approved"))) | V79: =IF($B79="","",IF(Config!$E$11="",0,SUMIFS('Leave Records'!$I:$I,'Leave Records'!$B:$B,$B79,'Leave Records'!$D:$D,Config!$E$11,'Leave Records'!$K:$K,"Pending"))) | W79: =IF($B79="","",T79-U79) | X79: =IF($B79="","",E79+I79+M79+Q79+U79)
A80: =IF(B80="","",ROW()-4) | B80: =IF(Config!$B$82="","",Config!$B$82) | C80: =IF(Config!$B$82="","",Config!$C$82) | D80: =IF($B80="","",IFERROR(Config!$F$7,0)) | E80: =IF($B80="","",IF(Config!$E$7="",0,SUMIFS('Leave Records'!$I:$I,'Leave Records'!$B:$B,$B80,'Leave Records'!$D:$D,Config!$E$7,'Leave Records'!$K:$K,"Approved"))) | F80: =IF($B80="","",IF(Config!$E$7="",0,SUMIFS('Leave Records'!$I:$I,'Leave Records'!$B:$B,$B80,'Leave Records'!$D:$D,Config!$E$7,'Leave Records'!$K:$K,"Pending"))) | G80: =IF($B80="","",D80-E80) | H80: =IF($B80="","",IFERROR(Config!$F$8,0)) | I80: =IF($B80="","",IF(Config!$E$8="",0,SUMIFS('Leave Records'!$I:$I,'Leave Records'!$B:$B,$B80,'Leave Records'!$D:$D,Config!$E$8,'Leave Records'!$K:$K,"Approved"))) | J80: =IF($B80="","",IF(Config!$E$8="",0,SUMIFS('Leave Records'!$I:$I,'Leave Records'!$B:$B,$B80,'Leave Records'!$D:$D,Config!$E$8,'Leave Records'!$K:$K,"Pending"))) | K80: =IF($B80="","",H80-I80) | L80: =IF($B80="","",IFERROR(Config!$F$9,0)) | M80: =IF($B80="","",IF(Config!$E$9="",0,SUMIFS('Leave Records'!$I:$I,'Leave Records'!$B:$B,$B80,'Leave Records'!$D:$D,Config!$E$9,'Leave Records'!$K:$K,"Approved"))) | N80: =IF($B80="","",IF(Config!$E$9="",0,SUMIFS('Leave Records'!$I:$I,'Leave Records'!$B:$B,$B80,'Leave Records'!$D:$D,Config!$E$9,'Leave Records'!$K:$K,"Pending"))) | O80: =IF($B80="","",L80-M80) | P80: =IF($B80="","",IFERROR(Config!$F$10,0)) | Q80: =IF($B80="","",IF(Config!$E$10="",0,SUMIFS('Leave Records'!$I:$I,'Leave Records'!$B:$B,$B80,'Leave Records'!$D:$D,Config!$E$10,'Leave Records'!$K:$K,"Approved"))) | R80: =IF($B80="","",IF(Config!$E$10="",0,SUMIFS('Leave Records'!$I:$I,'Leave Records'!$B:$B,$B80,'Leave Records'!$D:$D,Config!$E$10,'Leave Records'!$K:$K,"Pending"))) | S80: =IF($B80="","",P80-Q80) | T80: =IF($B80="","",IFERROR(Config!$F$11,0)) | U80: =IF($B80="","",IF(Config!$E$11="",0,SUMIFS('Leave Records'!$I:$I,'Leave Records'!$B:$B,$B80,'Leave Records'!$D:$D,Config!$E$11,'Leave Records'!$K:$K,"Approved"))) | V80: =IF($B80="","",IF(Config!$E$11="",0,SUMIFS('Leave Records'!$I:$I,'Leave Records'!$B:$B,$B80,'Leave Records'!$D:$D,Config!$E$11,'Leave Records'!$K:$K,"Pending"))) | W80: =IF($B80="","",T80-U80) | X80: =IF($B80="","",E80+I80+M80+Q80+U80)
A81: =IF(B81="","",ROW()-4) | B81: =IF(Config!$B$83="","",Config!$B$83) | C81: =IF(Config!$B$83="","",Config!$C$83) | D81: =IF($B81="","",IFERROR(Config!$F$7,0)) | E81: =IF($B81="","",IF(Config!$E$7="",0,SUMIFS('Leave Records'!$I:$I,'Leave Records'!$B:$B,$B81,'Leave Records'!$D:$D,Config!$E$7,'Leave Records'!$K:$K,"Approved"))) | F81: =IF($B81="","",IF(Config!$E$7="",0,SUMIFS('Leave Records'!$I:$I,'Leave Records'!$B:$B,$B81,'Leave Records'!$D:$D,Config!$E$7,'Leave Records'!$K:$K,"Pending"))) | G81: =IF($B81="","",D81-E81) | H81: =IF($B81="","",IFERROR(Config!$F$8,0)) | I81: =IF($B81="","",IF(Config!$E$8="",0,SUMIFS('Leave Records'!$I:$I,'Leave Records'!$B:$B,$B81,'Leave Records'!$D:$D,Config!$E$8,'Leave Records'!$K:$K,"Approved"))) | J81: =IF($B81="","",IF(Config!$E$8="",0,SUMIFS('Leave Records'!$I:$I,'Leave Records'!$B:$B,$B81,'Leave Records'!$D:$D,Config!$E$8,'Leave Records'!$K:$K,"Pending"))) | K81: =IF($B81="","",H81-I81) | L81: =IF($B81="","",IFERROR(Config!$F$9,0)) | M81: =IF($B81="","",IF(Config!$E$9="",0,SUMIFS('Leave Records'!$I:$I,'Leave Records'!$B:$B,$B81,'Leave Records'!$D:$D,Config!$E$9,'Leave Records'!$K:$K,"Approved"))) | N81: =IF($B81="","",IF(Config!$E$9="",0,SUMIFS('Leave Records'!$I:$I,'Leave Records'!$B:$B,$B81,'Leave Records'!$D:$D,Config!$E$9,'Leave Records'!$K:$K,"Pending"))) | O81: =IF($B81="","",L81-M81) | P81: =IF($B81="","",IFERROR(Config!$F$10,0)) | Q81: =IF($B81="","",IF(Config!$E$10="",0,SUMIFS('Leave Records'!$I:$I,'Leave Records'!$B:$B,$B81,'Leave Records'!$D:$D,Config!$E$10,'Leave Records'!$K:$K,"Approved"))) | R81: =IF($B81="","",IF(Config!$E$10="",0,SUMIFS('Leave Records'!$I:$I,'Leave Records'!$B:$B,$B81,'Leave Records'!$D:$D,Config!$E$10,'Leave Records'!$K:$K,"Pending"))) | S81: =IF($B81="","",P81-Q81) | T81: =IF($B81="","",IFERROR(Config!$F$11,0)) | U81: =IF($B81="","",IF(Config!$E$11="",0,SUMIFS('Leave Records'!$I:$I,'Leave Records'!$B:$B,$B81,'Leave Records'!$D:$D,Config!$E$11,'Leave Records'!$K:$K,"Approved"))) | V81: =IF($B81="","",IF(Config!$E$11="",0,SUMIFS('Leave Records'!$I:$I,'Leave Records'!$B:$B,$B81,'Leave Records'!$D:$D,Config!$E$11,'Leave Records'!$K:$K,"Pending"))) | W81: =IF($B81="","",T81-U81) | X81: =IF($B81="","",E81+I81+M81+Q81+U81)
A82: =IF(B82="","",ROW()-4) | B82: =IF(Config!$B$84="","",Config!$B$84) | C82: =IF(Config!$B$84="","",Config!$C$84) | D82: =IF($B82="","",IFERROR(Config!$F$7,0)) | E82: =IF($B82="","",IF(Config!$E$7="",0,SUMIFS('Leave Records'!$I:$I,'Leave Records'!$B:$B,$B82,'Leave Records'!$D:$D,Config!$E$7,'Leave Records'!$K:$K,"Approved"))) | F82: =IF($B82="","",IF(Config!$E$7="",0,SUMIFS('Leave Records'!$I:$I,'Leave Records'!$B:$B,$B82,'Leave Records'!$D:$D,Config!$E$7,'Leave Records'!$K:$K,"Pending"))) | G82: =IF($B82="","",D82-E82) | H82: =IF($B82="","",IFERROR(Config!$F$8,0)) | I82: =IF($B82="","",IF(Config!$E$8="",0,SUMIFS('Leave Records'!$I:$I,'Leave Records'!$B:$B,$B82,'Leave Records'!$D:$D,Config!$E$8,'Leave Records'!$K:$K,"Approved"))) | J82: =IF($B82="","",IF(Config!$E$8="",0,SUMIFS('Leave Records'!$I:$I,'Leave Records'!$B:$B,$B82,'Leave Records'!$D:$D,Config!$E$8,'Leave Records'!$K:$K,"Pending"))) | K82: =IF($B82="","",H82-I82) | L82: =IF($B82="","",IFERROR(Config!$F$9,0)) | M82: =IF($B82="","",IF(Config!$E$9="",0,SUMIFS('Leave Records'!$I:$I,'Leave Records'!$B:$B,$B82,'Leave Records'!$D:$D,Config!$E$9,'Leave Records'!$K:$K,"Approved"))) | N82: =IF($B82="","",IF(Config!$E$9="",0,SUMIFS('Leave Records'!$I:$I,'Leave Records'!$B:$B,$B82,'Leave Records'!$D:$D,Config!$E$9,'Leave Records'!$K:$K,"Pending"))) | O82: =IF($B82="","",L82-M82) | P82: =IF($B82="","",IFERROR(Config!$F$10,0)) | Q82: =IF($B82="","",IF(Config!$E$10="",0,SUMIFS('Leave Records'!$I:$I,'Leave Records'!$B:$B,$B82,'Leave Records'!$D:$D,Config!$E$10,'Leave Records'!$K:$K,"Approved"))) | R82: =IF($B82="","",IF(Config!$E$10="",0,SUMIFS('Leave Records'!$I:$I,'Leave Records'!$B:$B,$B82,'Leave Records'!$D:$D,Config!$E$10,'Leave Records'!$K:$K,"Pending"))) | S82: =IF($B82="","",P82-Q82) | T82: =IF($B82="","",IFERROR(Config!$F$11,0)) | U82: =IF($B82="","",IF(Config!$E$11="",0,SUMIFS('Leave Records'!$I:$I,'Leave Records'!$B:$B,$B82,'Leave Records'!$D:$D,Config!$E$11,'Leave Records'!$K:$K,"Approved"))) | V82: =IF($B82="","",IF(Config!$E$11="",0,SUMIFS('Leave Records'!$I:$I,'Leave Records'!$B:$B,$B82,'Leave Records'!$D:$D,Config!$E$11,'Leave Records'!$K:$K,"Pending"))) | W82: =IF($B82="","",T82-U82) | X82: =IF($B82="","",E82+I82+M82+Q82+U82)
A83: =IF(B83="","",ROW()-4) | B83: =IF(Config!$B$85="","",Config!$B$85) | C83: =IF(Config!$B$85="","",Config!$C$85) | D83: =IF($B83="","",IFERROR(Config!$F$7,0)) | E83: =IF($B83="","",IF(Config!$E$7="",0,SUMIFS('Leave Records'!$I:$I,'Leave Records'!$B:$B,$B83,'Leave Records'!$D:$D,Config!$E$7,'Leave Records'!$K:$K,"Approved"))) | F83: =IF($B83="","",IF(Config!$E$7="",0,SUMIFS('Leave Records'!$I:$I,'Leave Records'!$B:$B,$B83,'Leave Records'!$D:$D,Config!$E$7,'Leave Records'!$K:$K,"Pending"))) | G83: =IF($B83="","",D83-E83) | H83: =IF($B83="","",IFERROR(Config!$F$8,0)) | I83: =IF($B83="","",IF(Config!$E$8="",0,SUMIFS('Leave Records'!$I:$I,'Leave Records'!$B:$B,$B83,'Leave Records'!$D:$D,Config!$E$8,'Leave Records'!$K:$K,"Approved"))) | J83: =IF($B83="","",IF(Config!$E$8="",0,SUMIFS('Leave Records'!$I:$I,'Leave Records'!$B:$B,$B83,'Leave Records'!$D:$D,Config!$E$8,'Leave Records'!$K:$K,"Pending"))) | K83: =IF($B83="","",H83-I83) | L83: =IF($B83="","",IFERROR(Config!$F$9,0)) | M83: =IF($B83="","",IF(Config!$E$9="",0,SUMIFS('Leave Records'!$I:$I,'Leave Records'!$B:$B,$B83,'Leave Records'!$D:$D,Config!$E$9,'Leave Records'!$K:$K,"Approved"))) | N83: =IF($B83="","",IF(Config!$E$9="",0,SUMIFS('Leave Records'!$I:$I,'Leave Records'!$B:$B,$B83,'Leave Records'!$D:$D,Config!$E$9,'Leave Records'!$K:$K,"Pending"))) | O83: =IF($B83="","",L83-M83) | P83: =IF($B83="","",IFERROR(Config!$F$10,0)) | Q83: =IF($B83="","",IF(Config!$E$10="",0,SUMIFS('Leave Records'!$I:$I,'Leave Records'!$B:$B,$B83,'Leave Records'!$D:$D,Config!$E$10,'Leave Records'!$K:$K,"Approved"))) | R83: =IF($B83="","",IF(Config!$E$10="",0,SUMIFS('Leave Records'!$I:$I,'Leave Records'!$B:$B,$B83,'Leave Records'!$D:$D,Config!$E$10,'Leave Records'!$K:$K,"Pending"))) | S83: =IF($B83="","",P83-Q83) | T83: =IF($B83="","",IFERROR(Config!$F$11,0)) | U83: =IF($B83="","",IF(Config!$E$11="",0,SUMIFS('Leave Records'!$I:$I,'Leave Records'!$B:$B,$B83,'Leave Records'!$D:$D,Config!$E$11,'Leave Records'!$K:$K,"Approved"))) | V83: =IF($B83="","",IF(Config!$E$11="",0,SUMIFS('Leave Records'!$I:$I,'Leave Records'!$B:$B,$B83,'Leave Records'!$D:$D,Config!$E$11,'Leave Records'!$K:$K,"Pending"))) | W83: =IF($B83="","",T83-U83) | X83: =IF($B83="","",E83+I83+M83+Q83+U83)
A84: =IF(B84="","",ROW()-4) | B84: =IF(Config!$B$86="","",Config!$B$86) | C84: =IF(Config!$B$86="","",Config!$C$86) | D84: =IF($B84="","",IFERROR(Config!$F$7,0)) | E84: =IF($B84="","",IF(Config!$E$7="",0,SUMIFS('Leave Records'!$I:$I,'Leave Records'!$B:$B,$B84,'Leave Records'!$D:$D,Config!$E$7,'Leave Records'!$K:$K,"Approved"))) | F84: =IF($B84="","",IF(Config!$E$7="",0,SUMIFS('Leave Records'!$I:$I,'Leave Records'!$B:$B,$B84,'Leave Records'!$D:$D,Config!$E$7,'Leave Records'!$K:$K,"Pending"))) | G84: =IF($B84="","",D84-E84) | H84: =IF($B84="","",IFERROR(Config!$F$8,0)) | I84: =IF($B84="","",IF(Config!$E$8="",0,SUMIFS('Leave Records'!$I:$I,'Leave Records'!$B:$B,$B84,'Leave Records'!$D:$D,Config!$E$8,'Leave Records'!$K:$K,"Approved"))) | J84: =IF($B84="","",IF(Config!$E$8="",0,SUMIFS('Leave Records'!$I:$I,'Leave Records'!$B:$B,$B84,'Leave Records'!$D:$D,Config!$E$8,'Leave Records'!$K:$K,"Pending"))) | K84: =IF($B84="","",H84-I84) | L84: =IF($B84="","",IFERROR(Config!$F$9,0)) | M84: =IF($B84="","",IF(Config!$E$9="",0,SUMIFS('Leave Records'!$I:$I,'Leave Records'!$B:$B,$B84,'Leave Records'!$D:$D,Config!$E$9,'Leave Records'!$K:$K,"Approved"))) | N84: =IF($B84="","",IF(Config!$E$9="",0,SUMIFS('Leave Records'!$I:$I,'Leave Records'!$B:$B,$B84,'Leave Records'!$D:$D,Config!$E$9,'Leave Records'!$K:$K,"Pending"))) | O84: =IF($B84="","",L84-M84) | P84: =IF($B84="","",IFERROR(Config!$F$10,0)) | Q84: =IF($B84="","",IF(Config!$E$10="",0,SUMIFS('Leave Records'!$I:$I,'Leave Records'!$B:$B,$B84,'Leave Records'!$D:$D,Config!$E$10,'Leave Records'!$K:$K,"Approved"))) | R84: =IF($B84="","",IF(Config!$E$10="",0,SUMIFS('Leave Records'!$I:$I,'Leave Records'!$B:$B,$B84,'Leave Records'!$D:$D,Config!$E$10,'Leave Records'!$K:$K,"Pending"))) | S84: =IF($B84="","",P84-Q84) | T84: =IF($B84="","",IFERROR(Config!$F$11,0)) | U84: =IF($B84="","",IF(Config!$E$11="",0,SUMIFS('Leave Records'!$I:$I,'Leave Records'!$B:$B,$B84,'Leave Records'!$D:$D,Config!$E$11,'Leave Records'!$K:$K,"Approved"))) | V84: =IF($B84="","",IF(Config!$E$11="",0,SUMIFS('Leave Records'!$I:$I,'Leave Records'!$B:$B,$B84,'Leave Records'!$D:$D,Config!$E$11,'Leave Records'!$K:$K,"Pending"))) | W84: =IF($B84="","",T84-U84) | X84: =IF($B84="","",E84+I84+M84+Q84+U84)
